legacy_path,decoded_legacy_path,source,clicks,impressions,current_status,current_location,final_status,final_url,problem_type,recommended_target,action_needed,notes
/ایمپلنت-اقساطی-در-تبریز-با-دکتر-علیرضا/,/ایمپلنت-اقساطی-در-تبریز-با-دکتر-علیرضا/,legacy-redirects-spec|migration-map|p0-launch-list|search-console|wordpress-inventory,2753,17354,301,https://dralirezasadighi.com/knowledge/%D8%A7%DB%8C%D9%85%D9%BE%D9%84%D9%86%D8%AA-%D8%A7%D9%82%D8%B3%D8%A7%D8%B7%DB%8C-%D8%AF%D8%B1-%D8%AA%D8%A8%D8%B1%DB%8C%D8%B2-%D8%A8%D8%A7-%D8%AF%DA%A9%D8%AA%D8%B1-%D8%B9%D9%84%DB%8C%D8%B1%D8%B6%D8%A7,200,https://dralirezasadighi.com/knowledge/%D8%A7%DB%8C%D9%85%D9%BE%D9%84%D9%86%D8%AA-%D8%A7%D9%82%D8%B3%D8%A7%D8%B7%DB%8C-%D8%AF%D8%B1-%D8%AA%D8%A8%D8%B1%DB%8C%D8%B2-%D8%A8%D8%A7-%D8%AF%DA%A9%D8%AA%D8%B1-%D8%B9%D9%84%DB%8C%D8%B1%D8%B6%D8%A7,redirects_ok,/knowledge/ایمپلنت-اقساطی-در-تبریز-با-دکتر-علیرضا,"already redirects (pre-existing map entry, unrelated to this incident)",Not part of this incident — was already a valid legacy-redirects.ts entry before this audit.
/جراحی-فک-نی-نی-سایت/,/جراحی-فک-نی-نی-سایت/,legacy-redirects-spec|migration-map|p0-launch-list|search-console|wordpress-inventory,1599,57539,301,https://dralirezasadighi.com/knowledge/%D8%AC%D8%B1%D8%A7%D8%AD%DB%8C-%D9%81%DA%A9-%D9%86%DB%8C-%D9%86%DB%8C-%D8%B3%D8%A7%DB%8C%D8%AA,200,https://dralirezasadighi.com/knowledge/%D8%AC%D8%B1%D8%A7%D8%AD%DB%8C-%D9%81%DA%A9-%D9%86%DB%8C-%D9%86%DB%8C-%D8%B3%D8%A7%DB%8C%D8%AA,redirects_ok,/knowledge/جراحی-فک-نی-نی-سایت,"already redirects (pre-existing map entry, unrelated to this incident)",Not part of this incident — was already a valid legacy-redirects.ts entry before this audit.
/جراحی-بینی-به-سبک-اروپایی-زیبایی-و-تقا/,/جراحی-بینی-به-سبک-اروپایی-زیبایی-و-تقا/,legacy-redirects-spec|migration-map|p0-launch-list|search-console|wordpress-inventory,530,12515,301,https://dralirezasadighi.com/knowledge/%D8%AC%D8%B1%D8%A7%D8%AD%DB%8C-%D8%A8%DB%8C%D9%86%DB%8C-%D8%A8%D9%87-%D8%B3%D8%A8%DA%A9-%D8%A7%D8%B1%D9%88%D9%BE%D8%A7%DB%8C%DB%8C-%D8%B2%DB%8C%D8%A8%D8%A7%DB%8C%DB%8C-%D9%88-%D8%AA%D9%82%D8%A7,200,https://dralirezasadighi.com/knowledge/%D8%AC%D8%B1%D8%A7%D8%AD%DB%8C-%D8%A8%DB%8C%D9%86%DB%8C-%D8%A8%D9%87-%D8%B3%D8%A8%DA%A9-%D8%A7%D8%B1%D9%88%D9%BE%D8%A7%DB%8C%DB%8C-%D8%B2%DB%8C%D8%A8%D8%A7%DB%8C%DB%8C-%D9%88-%D8%AA%D9%82%D8%A7,redirects_ok,/knowledge/جراحی-بینی-به-سبک-اروپایی-زیبایی-و-تقا,"already redirects (pre-existing map entry, unrelated to this incident)",Not part of this incident — was already a valid legacy-redirects.ts entry before this audit.
/جراحی-دندان-عقل-با-بیهوشی-در-تبریز/,/جراحی-دندان-عقل-با-بیهوشی-در-تبریز/,legacy-redirects-spec|migration-map|p0-launch-list|search-console|wordpress-inventory,424,7182,301,https://dralirezasadighi.com/knowledge/%D8%AC%D8%B1%D8%A7%D8%AD%DB%8C-%D8%AF%D9%86%D8%AF%D8%A7%D9%86-%D8%B9%D9%82%D9%84-%D8%A8%D8%A7-%D8%A8%DB%8C%D9%87%D9%88%D8%B4%DB%8C-%D8%AF%D8%B1-%D8%AA%D8%A8%D8%B1%DB%8C%D8%B2,200,https://dralirezasadighi.com/knowledge/%D8%AC%D8%B1%D8%A7%D8%AD%DB%8C-%D8%AF%D9%86%D8%AF%D8%A7%D9%86-%D8%B9%D9%82%D9%84-%D8%A8%D8%A7-%D8%A8%DB%8C%D9%87%D9%88%D8%B4%DB%8C-%D8%AF%D8%B1-%D8%AA%D8%A8%D8%B1%DB%8C%D8%B2,redirects_ok,/knowledge/جراحی-دندان-عقل-با-بیهوشی-در-تبریز,"already redirects (pre-existing map entry, unrelated to this incident)",Not part of this incident — was already a valid legacy-redirects.ts entry before this audit.
/فیزیوتراپی-بعد-از-جراحی-فک-راهنمای-کام/,/فیزیوتراپی-بعد-از-جراحی-فک-راهنمای-کام/,legacy-redirects-spec|migration-map|p0-launch-list|search-console|wordpress-inventory,396,5087,301,https://dralirezasadighi.com/knowledge/%D9%81%DB%8C%D8%B2%DB%8C%D9%88%D8%AA%D8%B1%D8%A7%D9%BE%DB%8C-%D8%A8%D8%B9%D8%AF-%D8%A7%D8%B2-%D8%AC%D8%B1%D8%A7%D8%AD%DB%8C-%D9%81%DA%A9-%D8%B1%D8%A7%D9%87%D9%86%D9%85%D8%A7%DB%8C-%DA%A9%D8%A7%D9%85,200,https://dralirezasadighi.com/knowledge/%D9%81%DB%8C%D8%B2%DB%8C%D9%88%D8%AA%D8%B1%D8%A7%D9%BE%DB%8C-%D8%A8%D8%B9%D8%AF-%D8%A7%D8%B2-%D8%AC%D8%B1%D8%A7%D8%AD%DB%8C-%D9%81%DA%A9-%D8%B1%D8%A7%D9%87%D9%86%D9%85%D8%A7%DB%8C-%DA%A9%D8%A7%D9%85,redirects_ok,/knowledge/فیزیوتراپی-بعد-از-جراحی-فک-راهنمای-کام,"already redirects (pre-existing map entry, unrelated to this incident)",Not part of this incident — was already a valid legacy-redirects.ts entry before this audit.
/tag/متخصص-دندان-تبریز/,/tag/متخصص-دندان-تبریز/,legacy-redirects-spec|search-console,383,551,301,https://dralirezasadighi.com/about,200,https://dralirezasadighi.com/about,redirects_ok,/about,"already redirects (pre-existing map entry, unrelated to this incident)",Not part of this incident — was already a valid legacy-redirects.ts entry before this audit.
/فیلم_جراحی_فک_در_اتاق_عمل/,/فیلم_جراحی_فک_در_اتاق_عمل/,legacy-redirects-spec|migration-map|p0-launch-list|search-console|wordpress-inventory,371,15849,301,https://dralirezasadighi.com/knowledge/%D9%81%DB%8C%D9%84%D9%85_%D8%AC%D8%B1%D8%A7%D8%AD%DB%8C_%D9%81%DA%A9_%D8%AF%D8%B1_%D8%A7%D8%AA%D8%A7%D9%82_%D8%B9%D9%85%D9%84,200,https://dralirezasadighi.com/knowledge/%D9%81%DB%8C%D9%84%D9%85_%D8%AC%D8%B1%D8%A7%D8%AD%DB%8C_%D9%81%DA%A9_%D8%AF%D8%B1_%D8%A7%D8%AA%D8%A7%D9%82_%D8%B9%D9%85%D9%84,redirects_ok,/knowledge/فیلم_جراحی_فک_در_اتاق_عمل,"already redirects (pre-existing map entry, unrelated to this incident)",Not part of this incident — was already a valid legacy-redirects.ts entry before this audit.
/25-سوال-متداول-در-مورد-جراحی-لیفت-ابرو-و-ش/,/25-سوال-متداول-در-مورد-جراحی-لیفت-ابرو-و-ش/,legacy-redirects-spec|migration-map|p0-launch-list|search-console|wordpress-inventory,368,13789,301,https://dralirezasadighi.com/knowledge/25-%D8%B3%D9%88%D8%A7%D9%84-%D9%85%D8%AA%D8%AF%D8%A7%D9%88%D9%84-%D8%AF%D8%B1-%D9%85%D9%88%D8%B1%D8%AF-%D8%AC%D8%B1%D8%A7%D8%AD%DB%8C-%D9%84%DB%8C%D9%81%D8%AA-%D8%A7%D8%A8%D8%B1%D9%88-%D9%88-%D8%B4,200,https://dralirezasadighi.com/knowledge/25-%D8%B3%D9%88%D8%A7%D9%84-%D9%85%D8%AA%D8%AF%D8%A7%D9%88%D9%84-%D8%AF%D8%B1-%D9%85%D9%88%D8%B1%D8%AF-%D8%AC%D8%B1%D8%A7%D8%AD%DB%8C-%D9%84%DB%8C%D9%81%D8%AA-%D8%A7%D8%A8%D8%B1%D9%88-%D9%88-%D8%B4,redirects_ok,/knowledge/25-سوال-متداول-در-مورد-جراحی-لیفت-ابرو-و-ش,"already redirects (pre-existing map entry, unrelated to this incident)",Not part of this incident — was already a valid legacy-redirects.ts entry before this audit.
/tag/جراحی-ایمپلنت-تبریز/,/tag/جراحی-ایمپلنت-تبریز/,legacy-redirects-spec|rank-math|search-console,308,328,301,https://dralirezasadighi.com/services/advanced-dental-implant,200,https://dralirezasadighi.com/services/advanced-dental-implant,redirects_ok,/services/advanced-dental-implant,"already redirects (pre-existing map entry, unrelated to this incident)",Not part of this incident — was already a valid legacy-redirects.ts entry before this audit.
/بهترین-متخصص-ایمپلنت-تبریز-و-معرفی-دکت/,/بهترین-متخصص-ایمپلنت-تبریز-و-معرفی-دکت/,legacy-redirects-spec|migration-map|p0-launch-list|search-console|wordpress-inventory,286,19515,301,https://dralirezasadighi.com/knowledge/%D8%A8%D9%87%D8%AA%D8%B1%DB%8C%D9%86-%D9%85%D8%AA%D8%AE%D8%B5%D8%B5-%D8%A7%DB%8C%D9%85%D9%BE%D9%84%D9%86%D8%AA-%D8%AA%D8%A8%D8%B1%DB%8C%D8%B2-%D9%88-%D9%85%D8%B9%D8%B1%D9%81%DB%8C-%D8%AF%DA%A9%D8%AA,200,https://dralirezasadighi.com/knowledge/%D8%A8%D9%87%D8%AA%D8%B1%DB%8C%D9%86-%D9%85%D8%AA%D8%AE%D8%B5%D8%B5-%D8%A7%DB%8C%D9%85%D9%BE%D9%84%D9%86%D8%AA-%D8%AA%D8%A8%D8%B1%DB%8C%D8%B2-%D9%88-%D9%85%D8%B9%D8%B1%D9%81%DB%8C-%D8%AF%DA%A9%D8%AA,redirects_ok,/knowledge/بهترین-متخصص-ایمپلنت-تبریز-و-معرفی-دکت,"already redirects (pre-existing map entry, unrelated to this incident)",Not part of this incident — was already a valid legacy-redirects.ts entry before this audit.
/contact/,/contact/,legacy-redirects-spec|migration-map|p0-launch-list|search-console|wordpress-inventory,204,20589,301,https://dralirezasadighi.com/contact,LOOP,https://dralirezasadighi.com/contact,redirect_loop,,"FIXED (pending deploy): removed the bad self-redirect map entry; /contact, /en/contact, /ar/contact all verified 200 in local build","ROOT CAUSE of the P0 'hangs' report: LEGACY_REDIRECTS had ""/contact"": ""/contact"" (old WP /contact/ and the new site's own /contact both normalize to the same string), and resolveLegacyPath() had no self-redirect guard, so middleware.ts issued an infinite 301 loop. Fixed at two levels: removed the bad map row at the generator source, and added a permanent self-redirect guard directly in resolveLegacyPath() (middleware.ts) so this class of bug can't recur from any future data source. STILL LOOPING ON LIVE PRODUCTION as of this audit — fix is local/unpushed only, per task instructions (do not commit/push)."
/ایمپلنت-فوری-در-تبریز/,/ایمپلنت-فوری-در-تبریز/,legacy-redirects-spec|migration-map|p0-launch-list|search-console|wordpress-inventory,165,3075,301,https://dralirezasadighi.com/knowledge/%D8%A7%DB%8C%D9%85%D9%BE%D9%84%D9%86%D8%AA-%D9%81%D9%88%D8%B1%DB%8C-%D8%AF%D8%B1-%D8%AA%D8%A8%D8%B1%DB%8C%D8%B2,200,https://dralirezasadighi.com/knowledge/%D8%A7%DB%8C%D9%85%D9%BE%D9%84%D9%86%D8%AA-%D9%81%D9%88%D8%B1%DB%8C-%D8%AF%D8%B1-%D8%AA%D8%A8%D8%B1%DB%8C%D8%B2,redirects_ok,/knowledge/ایمپلنت-فوری-در-تبریز,"already redirects (pre-existing map entry, unrelated to this incident)",Not part of this incident — was already a valid legacy-redirects.ts entry before this audit.
/about-us/,/about-us/,legacy-redirects-spec|migration-map|p0-launch-list|search-console|wordpress-inventory,148,21575,301,https://dralirezasadighi.com/about,200,https://dralirezasadighi.com/about,redirects_ok,/about,"already redirects (pre-existing map entry, unrelated to this incident)",Not part of this incident — was already a valid legacy-redirects.ts entry before this audit.
/ریلپس-یا-بازگشت-پس-از-عمل-جراحی-فک-با-تا/,/ریلپس-یا-بازگشت-پس-از-عمل-جراحی-فک-با-تا/,legacy-redirects-spec|migration-map|p0-launch-list|search-console|wordpress-inventory,145,1756,301,https://dralirezasadighi.com/knowledge/%D8%B1%DB%8C%D9%84%D9%BE%D8%B3-%DB%8C%D8%A7-%D8%A8%D8%A7%D8%B2%DA%AF%D8%B4%D8%AA-%D9%BE%D8%B3-%D8%A7%D8%B2-%D8%B9%D9%85%D9%84-%D8%AC%D8%B1%D8%A7%D8%AD%DB%8C-%D9%81%DA%A9-%D8%A8%D8%A7-%D8%AA%D8%A7,200,https://dralirezasadighi.com/knowledge/%D8%B1%DB%8C%D9%84%D9%BE%D8%B3-%DB%8C%D8%A7-%D8%A8%D8%A7%D8%B2%DA%AF%D8%B4%D8%AA-%D9%BE%D8%B3-%D8%A7%D8%B2-%D8%B9%D9%85%D9%84-%D8%AC%D8%B1%D8%A7%D8%AD%DB%8C-%D9%81%DA%A9-%D8%A8%D8%A7-%D8%AA%D8%A7,redirects_ok,/knowledge/ریلپس-یا-بازگشت-پس-از-عمل-جراحی-فک-با-تا,"already redirects (pre-existing map entry, unrelated to this incident)",Not part of this incident — was already a valid legacy-redirects.ts entry before this audit.
/25-سوال-متداول-در-مورد-جراحی-دندان-عقل-نه/,/25-سوال-متداول-در-مورد-جراحی-دندان-عقل-نه/,legacy-redirects-spec|migration-map|p0-launch-list|search-console|wordpress-inventory,141,2541,301,https://dralirezasadighi.com/knowledge/25-%D8%B3%D9%88%D8%A7%D9%84-%D9%85%D8%AA%D8%AF%D8%A7%D9%88%D9%84-%D8%AF%D8%B1-%D9%85%D9%88%D8%B1%D8%AF-%D8%AC%D8%B1%D8%A7%D8%AD%DB%8C-%D8%AF%D9%86%D8%AF%D8%A7%D9%86-%D8%B9%D9%82%D9%84-%D9%86%D9%87,200,https://dralirezasadighi.com/knowledge/25-%D8%B3%D9%88%D8%A7%D9%84-%D9%85%D8%AA%D8%AF%D8%A7%D9%88%D9%84-%D8%AF%D8%B1-%D9%85%D9%88%D8%B1%D8%AF-%D8%AC%D8%B1%D8%A7%D8%AD%DB%8C-%D8%AF%D9%86%D8%AF%D8%A7%D9%86-%D8%B9%D9%82%D9%84-%D9%86%D9%87,redirects_ok,/knowledge/25-سوال-متداول-در-مورد-جراحی-دندان-عقل-نه,"already redirects (pre-existing map entry, unrelated to this incident)",Not part of this incident — was already a valid legacy-redirects.ts entry before this audit.
/لیفت-شقیقه-گلایدینگ/,/لیفت-شقیقه-گلایدینگ/,legacy-redirects-spec|migration-map|p0-launch-list|search-console|wordpress-inventory,134,3971,301,https://dralirezasadighi.com/knowledge/%D9%84%DB%8C%D9%81%D8%AA-%D8%B4%D9%82%DB%8C%D9%82%D9%87-%DA%AF%D9%84%D8%A7%DB%8C%D8%AF%DB%8C%D9%86%DA%AF,200,https://dralirezasadighi.com/knowledge/%D9%84%DB%8C%D9%81%D8%AA-%D8%B4%D9%82%DB%8C%D9%82%D9%87-%DA%AF%D9%84%D8%A7%DB%8C%D8%AF%DB%8C%D9%86%DA%AF,redirects_ok,/knowledge/لیفت-شقیقه-گلایدینگ,"already redirects (pre-existing map entry, unrelated to this incident)",Not part of this incident — was already a valid legacy-redirects.ts entry before this audit.
/european-nose-job/,/european-nose-job/,legacy-redirects-spec|migration-map|p0-launch-list|search-console|wordpress-inventory,107,4204,301,https://dralirezasadighi.com/knowledge/european-nose-job,200,https://dralirezasadighi.com/knowledge/european-nose-job,redirects_ok,/knowledge/european-nose-job,"already redirects (pre-existing map entry, unrelated to this incident)",Not part of this incident — was already a valid legacy-redirects.ts entry before this audit.
/25-سوال-متداول-در-مورد-جراحی-تزریق-چربی/,/25-سوال-متداول-در-مورد-جراحی-تزریق-چربی/,legacy-redirects-spec|migration-map|p0-launch-list|search-console|wordpress-inventory,101,1558,301,https://dralirezasadighi.com/knowledge/25-%D8%B3%D9%88%D8%A7%D9%84-%D9%85%D8%AA%D8%AF%D8%A7%D9%88%D9%84-%D8%AF%D8%B1-%D9%85%D9%88%D8%B1%D8%AF-%D8%AC%D8%B1%D8%A7%D8%AD%DB%8C-%D8%AA%D8%B2%D8%B1%DB%8C%D9%82-%DA%86%D8%B1%D8%A8%DB%8C,200,https://dralirezasadighi.com/knowledge/25-%D8%B3%D9%88%D8%A7%D9%84-%D9%85%D8%AA%D8%AF%D8%A7%D9%88%D9%84-%D8%AF%D8%B1-%D9%85%D9%88%D8%B1%D8%AF-%D8%AC%D8%B1%D8%A7%D8%AD%DB%8C-%D8%AA%D8%B2%D8%B1%DB%8C%D9%82-%DA%86%D8%B1%D8%A8%DB%8C,redirects_ok,/knowledge/25-سوال-متداول-در-مورد-جراحی-تزریق-چربی,"already redirects (pre-existing map entry, unrelated to this incident)",Not part of this incident — was already a valid legacy-redirects.ts entry before this audit.
/25-سوال-متداول-در-مورد-تزریق-فیلر-به-ناحی/,/25-سوال-متداول-در-مورد-تزریق-فیلر-به-ناحی/,legacy-redirects-spec|migration-map|p0-launch-list|search-console|wordpress-inventory,100,1399,301,https://dralirezasadighi.com/knowledge/25-%D8%B3%D9%88%D8%A7%D9%84-%D9%85%D8%AA%D8%AF%D8%A7%D9%88%D9%84-%D8%AF%D8%B1-%D9%85%D9%88%D8%B1%D8%AF-%D8%AA%D8%B2%D8%B1%DB%8C%D9%82-%D9%81%DB%8C%D9%84%D8%B1-%D8%A8%D9%87-%D9%86%D8%A7%D8%AD%DB%8C,200,https://dralirezasadighi.com/knowledge/25-%D8%B3%D9%88%D8%A7%D9%84-%D9%85%D8%AA%D8%AF%D8%A7%D9%88%D9%84-%D8%AF%D8%B1-%D9%85%D9%88%D8%B1%D8%AF-%D8%AA%D8%B2%D8%B1%DB%8C%D9%82-%D9%81%DB%8C%D9%84%D8%B1-%D8%A8%D9%87-%D9%86%D8%A7%D8%AD%DB%8C,redirects_ok,/knowledge/25-سوال-متداول-در-مورد-تزریق-فیلر-به-ناحی,"already redirects (pre-existing map entry, unrelated to this incident)",Not part of this incident — was already a valid legacy-redirects.ts entry before this audit.
/تفاوت-کشیدن-دندان-و-جراحی-دندان-عقل/,/تفاوت-کشیدن-دندان-و-جراحی-دندان-عقل/,legacy-redirects-spec|migration-map|p0-launch-list|search-console|wordpress-inventory,98,1533,301,https://dralirezasadighi.com/knowledge/%D8%AA%D9%81%D8%A7%D9%88%D8%AA-%DA%A9%D8%B4%DB%8C%D8%AF%D9%86-%D8%AF%D9%86%D8%AF%D8%A7%D9%86-%D9%88-%D8%AC%D8%B1%D8%A7%D8%AD%DB%8C-%D8%AF%D9%86%D8%AF%D8%A7%D9%86-%D8%B9%D9%82%D9%84,200,https://dralirezasadighi.com/knowledge/%D8%AA%D9%81%D8%A7%D9%88%D8%AA-%DA%A9%D8%B4%DB%8C%D8%AF%D9%86-%D8%AF%D9%86%D8%AF%D8%A7%D9%86-%D9%88-%D8%AC%D8%B1%D8%A7%D8%AD%DB%8C-%D8%AF%D9%86%D8%AF%D8%A7%D9%86-%D8%B9%D9%82%D9%84,redirects_ok,/knowledge/تفاوت-کشیدن-دندان-و-جراحی-دندان-عقل,"already redirects (pre-existing map entry, unrelated to this incident)",Not part of this incident — was already a valid legacy-redirects.ts entry before this audit.
/25-سوال-متداول-در-مورد-جراحی-چانه-و-زاویه/,/25-سوال-متداول-در-مورد-جراحی-چانه-و-زاویه/,legacy-redirects-spec|migration-map|p0-launch-list|search-console|wordpress-inventory,84,2947,301,https://dralirezasadighi.com/knowledge/25-%D8%B3%D9%88%D8%A7%D9%84-%D9%85%D8%AA%D8%AF%D8%A7%D9%88%D9%84-%D8%AF%D8%B1-%D9%85%D9%88%D8%B1%D8%AF-%D8%AC%D8%B1%D8%A7%D8%AD%DB%8C-%DA%86%D8%A7%D9%86%D9%87-%D9%88-%D8%B2%D8%A7%D9%88%DB%8C%D9%87,200,https://dralirezasadighi.com/knowledge/25-%D8%B3%D9%88%D8%A7%D9%84-%D9%85%D8%AA%D8%AF%D8%A7%D9%88%D9%84-%D8%AF%D8%B1-%D9%85%D9%88%D8%B1%D8%AF-%D8%AC%D8%B1%D8%A7%D8%AD%DB%8C-%DA%86%D8%A7%D9%86%D9%87-%D9%88-%D8%B2%D8%A7%D9%88%DB%8C%D9%87,redirects_ok,/knowledge/25-سوال-متداول-در-مورد-جراحی-چانه-و-زاویه,"already redirects (pre-existing map entry, unrelated to this incident)",Not part of this incident — was already a valid legacy-redirects.ts entry before this audit.
/جراحی-برجستگی-پیشانی/,/جراحی-برجستگی-پیشانی/,legacy-redirects-spec|migration-map|p0-launch-list|search-console|wordpress-inventory,78,7312,404,,404,https://dralirezasadighi.com/%D8%AC%D8%B1%D8%A7%D8%AD%DB%8C-%D8%A8%D8%B1%D8%AC%D8%B3%D8%AA%DA%AF%DB%8C-%D9%BE%DB%8C%D8%B4%D8%A7%D9%86%DB%8C,404,,intentional 404 (documented),Hamid's explicit 2026-08-23 decision: keep blocked pending manual content review (STILL_BLOCKED) — not re-decided by this bulk pass
/فیزیوتراپی-بعد-از-جراحی-فک/,/فیزیوتراپی-بعد-از-جراحی-فک/,legacy-redirects-spec|migration-map|p0-launch-list|search-console|wordpress-inventory,78,2175,301,https://dralirezasadighi.com/knowledge/%D9%81%DB%8C%D8%B2%DB%8C%D9%88%D8%AA%D8%B1%D8%A7%D9%BE%DB%8C-%D8%A8%D8%B9%D8%AF-%D8%A7%D8%B2-%D8%AC%D8%B1%D8%A7%D8%AD%DB%8C-%D9%81%DA%A9,200,https://dralirezasadighi.com/knowledge/%D9%81%DB%8C%D8%B2%DB%8C%D9%88%D8%AA%D8%B1%D8%A7%D9%BE%DB%8C-%D8%A8%D8%B9%D8%AF-%D8%A7%D8%B2-%D8%AC%D8%B1%D8%A7%D8%AD%DB%8C-%D9%81%DA%A9,redirects_ok,/knowledge/فیزیوتراپی-بعد-از-جراحی-فک,"already redirects (pre-existing map entry, unrelated to this incident)",Not part of this incident — was already a valid legacy-redirects.ts entry before this audit.
/لیفت-ابرو-و-شقیقه/,/لیفت-ابرو-و-شقیقه/,legacy-redirects-spec|migration-map|p0-launch-list|search-console|wordpress-inventory,75,15154,301,https://dralirezasadighi.com/knowledge/%D9%84%DB%8C%D9%81%D8%AA-%D8%A7%D8%A8%D8%B1%D9%88-%D9%88-%D8%B4%D9%82%DB%8C%D9%82%D9%87,200,https://dralirezasadighi.com/knowledge/%D9%84%DB%8C%D9%81%D8%AA-%D8%A7%D8%A8%D8%B1%D9%88-%D9%88-%D8%B4%D9%82%DB%8C%D9%82%D9%87,redirects_ok,/knowledge/لیفت-ابرو-و-شقیقه,"already redirects (pre-existing map entry, unrelated to this incident)",Not part of this incident — was already a valid legacy-redirects.ts entry before this audit.
/جراحی-فک-پایین-عقب-رفته/,/جراحی-فک-پایین-عقب-رفته/,legacy-redirects-spec|migration-map|p0-launch-list|search-console|wordpress-inventory,71,4073,301,https://dralirezasadighi.com/knowledge/%D8%AC%D8%B1%D8%A7%D8%AD%DB%8C-%D9%81%DA%A9-%D9%BE%D8%A7%DB%8C%DB%8C%D9%86-%D8%B9%D9%82%D8%A8-%D8%B1%D9%81%D8%AA%D9%87,200,https://dralirezasadighi.com/knowledge/%D8%AC%D8%B1%D8%A7%D8%AD%DB%8C-%D9%81%DA%A9-%D9%BE%D8%A7%DB%8C%DB%8C%D9%86-%D8%B9%D9%82%D8%A8-%D8%B1%D9%81%D8%AA%D9%87,redirects_ok,/knowledge/جراحی-فک-پایین-عقب-رفته,"already redirects (pre-existing map entry, unrelated to this incident)",Not part of this incident — was already a valid legacy-redirects.ts entry before this audit.
/جراحی-فک-پایین-جلو-آمده/,/جراحی-فک-پایین-جلو-آمده/,legacy-redirects-spec|migration-map|p0-launch-list|search-console|wordpress-inventory,67,5953,301,https://dralirezasadighi.com/knowledge/%D8%AC%D8%B1%D8%A7%D8%AD%DB%8C-%D9%81%DA%A9-%D9%BE%D8%A7%DB%8C%DB%8C%D9%86-%D8%AC%D9%84%D9%88-%D8%A2%D9%85%D8%AF%D9%87,200,https://dralirezasadighi.com/knowledge/%D8%AC%D8%B1%D8%A7%D8%AD%DB%8C-%D9%81%DA%A9-%D9%BE%D8%A7%DB%8C%DB%8C%D9%86-%D8%AC%D9%84%D9%88-%D8%A2%D9%85%D8%AF%D9%87,redirects_ok,/knowledge/جراحی-فک-پایین-جلو-آمده,"already redirects (pre-existing map entry, unrelated to this incident)",Not part of this incident — was already a valid legacy-redirects.ts entry before this audit.
/نمونه-درمان/,/نمونه-درمان/,legacy-redirects-spec|migration-map|p0-launch-list|search-console|wordpress-inventory,67,3337,404,,404,https://dralirezasadighi.com/%D9%86%D9%85%D9%88%D9%86%D9%87-%D8%AF%D8%B1%D9%85%D8%A7%D9%86,404,/before-after,FIXED (pending deploy): added to legacy-redirects.ts,One of the 5 originally-reported known-failing URLs. Verified 301 -> /before-after in local build. NOT YET on live production (unpushed).
/ایمپلنت-دندان-در-تبریز-پرسش-پاسخ/,/ایمپلنت-دندان-در-تبریز-پرسش-پاسخ/,legacy-redirects-spec|migration-map|p0-launch-list|search-console|wordpress-inventory,66,1688,301,https://dralirezasadighi.com/knowledge/%D8%A7%DB%8C%D9%85%D9%BE%D9%84%D9%86%D8%AA-%D8%AF%D9%86%D8%AF%D8%A7%D9%86-%D8%AF%D8%B1-%D8%AA%D8%A8%D8%B1%DB%8C%D8%B2-%D9%BE%D8%B1%D8%B3%D8%B4-%D9%BE%D8%A7%D8%B3%D8%AE,200,https://dralirezasadighi.com/knowledge/%D8%A7%DB%8C%D9%85%D9%BE%D9%84%D9%86%D8%AA-%D8%AF%D9%86%D8%AF%D8%A7%D9%86-%D8%AF%D8%B1-%D8%AA%D8%A8%D8%B1%DB%8C%D8%B2-%D9%BE%D8%B1%D8%B3%D8%B4-%D9%BE%D8%A7%D8%B3%D8%AE,redirects_ok,/knowledge/ایمپلنت-دندان-در-تبریز-پرسش-پاسخ,"already redirects (pre-existing map entry, unrelated to this incident)",Not part of this incident — was already a valid legacy-redirects.ts entry before this audit.
/ایمپلنت-اشترومن-در-تبریز/,/ایمپلنت-اشترومن-در-تبریز/,legacy-redirects-spec|migration-map|p0-launch-list|search-console|wordpress-inventory,63,1201,301,https://dralirezasadighi.com/knowledge/%D8%A7%DB%8C%D9%85%D9%BE%D9%84%D9%86%D8%AA-%D8%A7%D8%B4%D8%AA%D8%B1%D9%88%D9%85%D9%86-%D8%AF%D8%B1-%D8%AA%D8%A8%D8%B1%DB%8C%D8%B2,200,https://dralirezasadighi.com/knowledge/%D8%A7%DB%8C%D9%85%D9%BE%D9%84%D9%86%D8%AA-%D8%A7%D8%B4%D8%AA%D8%B1%D9%88%D9%85%D9%86-%D8%AF%D8%B1-%D8%AA%D8%A8%D8%B1%DB%8C%D8%B2,redirects_ok,/knowledge/ایمپلنت-اشترومن-در-تبریز,"already redirects (pre-existing map entry, unrelated to this incident)",Not part of this incident — was already a valid legacy-redirects.ts entry before this audit.
/25-سوال-متداول-در-مورد-جراحی-زیبایی-بین/,/25-سوال-متداول-در-مورد-جراحی-زیبایی-بین/,legacy-redirects-spec|migration-map|p0-launch-list|search-console|wordpress-inventory,60,1129,301,https://dralirezasadighi.com/knowledge/25-%D8%B3%D9%88%D8%A7%D9%84-%D9%85%D8%AA%D8%AF%D8%A7%D9%88%D9%84-%D8%AF%D8%B1-%D9%85%D9%88%D8%B1%D8%AF-%D8%AC%D8%B1%D8%A7%D8%AD%DB%8C-%D8%B2%DB%8C%D8%A8%D8%A7%DB%8C%DB%8C-%D8%A8%DB%8C%D9%86,200,https://dralirezasadighi.com/knowledge/25-%D8%B3%D9%88%D8%A7%D9%84-%D9%85%D8%AA%D8%AF%D8%A7%D9%88%D9%84-%D8%AF%D8%B1-%D9%85%D9%88%D8%B1%D8%AF-%D8%AC%D8%B1%D8%A7%D8%AD%DB%8C-%D8%B2%DB%8C%D8%A8%D8%A7%DB%8C%DB%8C-%D8%A8%DB%8C%D9%86,redirects_ok,/knowledge/25-سوال-متداول-در-مورد-جراحی-زیبایی-بین,"already redirects (pre-existing map entry, unrelated to this incident)",Not part of this incident — was already a valid legacy-redirects.ts entry before this audit.
/بهترین-جراح-فک-در-تبریز-راهنمای-کامل-ا/,/بهترین-جراح-فک-در-تبریز-راهنمای-کامل-ا/,migration-map|search-console|wordpress-inventory,59,5148,404,,404,https://dralirezasadighi.com/%D8%A8%D9%87%D8%AA%D8%B1%DB%8C%D9%86-%D8%AC%D8%B1%D8%A7%D8%AD-%D9%81%DA%A9-%D8%AF%D8%B1-%D8%AA%D8%A8%D8%B1%DB%8C%D8%B2-%D8%B1%D8%A7%D9%87%D9%86%D9%85%D8%A7%DB%8C-%DA%A9%D8%A7%D9%85%D9%84-%D8%A7,404,/about,"FIXED (pending deploy): added to legacy-redirects.ts, 2026-08-26 broad audit",keyword-bucket fallback (matched: بهترین-جراح)
/25-سوال-متداول-در-مورد-جراحی-لیفت-صورت-که/,/25-سوال-متداول-در-مورد-جراحی-لیفت-صورت-که/,migration-map|search-console|wordpress-inventory,58,929,404,,404,https://dralirezasadighi.com/25-%D8%B3%D9%88%D8%A7%D9%84-%D9%85%D8%AA%D8%AF%D8%A7%D9%88%D9%84-%D8%AF%D8%B1-%D9%85%D9%88%D8%B1%D8%AF-%D8%AC%D8%B1%D8%A7%D8%AD%DB%8C-%D9%84%DB%8C%D9%81%D8%AA-%D8%B5%D9%88%D8%B1%D8%AA-%DA%A9%D9%87,404,/services/facial-cosmetic-surgery,"FIXED (pending deploy): added to legacy-redirects.ts, 2026-08-26 broad audit",keyword-bucket fallback (matched: لیفت)
/cas-چیست-و-کاربرد-های-آن/,/cas-چیست-و-کاربرد-های-آن/,migration-map|search-console|wordpress-inventory,57,2972,404,,404,https://dralirezasadighi.com/cas-%DA%86%DB%8C%D8%B3%D8%AA-%D9%88-%DA%A9%D8%A7%D8%B1%D8%A8%D8%B1%D8%AF-%D9%87%D8%A7%DB%8C-%D8%A2%D9%86,404,,NEEDS HUMAN DECISION,"No exact knowledge-article match and no confident semantic-keyword bucket — ambiguous topic, needs Hamid's call. See title/clicks for context."
/راهنمای-جامع-ایمپلنت-دندان-در-تبریز/,/راهنمای-جامع-ایمپلنت-دندان-در-تبریز/,migration-map|search-console|wordpress-inventory,50,234,404,,404,https://dralirezasadighi.com/%D8%B1%D8%A7%D9%87%D9%86%D9%85%D8%A7%DB%8C-%D8%AC%D8%A7%D9%85%D8%B9-%D8%A7%DB%8C%D9%85%D9%BE%D9%84%D9%86%D8%AA-%D8%AF%D9%86%D8%AF%D8%A7%D9%86-%D8%AF%D8%B1-%D8%AA%D8%A8%D8%B1%DB%8C%D8%B2,404,/services/advanced-dental-implant,"FIXED (pending deploy): added to legacy-redirects.ts, 2026-08-26 broad audit",keyword-bucket fallback (matched: ایمپلنت)
/ناقرینگیهای-ناشی-از-تروما-به-صورت-عل/,/ناقرینگیهای-ناشی-از-تروما-به-صورت-عل/,migration-map|search-console|wordpress-inventory,46,1808,404,,404,https://dralirezasadighi.com/%D9%86%D8%A7%D9%82%D8%B1%DB%8C%D9%86%DA%AF%DB%8C%D9%87%D8%A7%DB%8C-%D9%86%D8%A7%D8%B4%DB%8C-%D8%A7%D8%B2-%D8%AA%D8%B1%D9%88%D9%85%D8%A7-%D8%A8%D9%87-%D8%B5%D9%88%D8%B1%D8%AA-%D8%B9%D9%84,404,/services/facial-reconstruction-surgery,"FIXED (pending deploy): added to legacy-redirects.ts, 2026-08-26 broad audit",keyword-bucket fallback (matched: تروما)
/tag/دکتر-علیرضا-صدیقی/,/tag/دکتر-علیرضا-صدیقی/,search-console,46,332,404,,404,https://dralirezasadighi.com/tag/%D8%AF%DA%A9%D8%AA%D8%B1-%D8%B9%D9%84%DB%8C%D8%B1%D8%B6%D8%A7-%D8%B5%D8%AF%DB%8C%D9%82%DB%8C,404,,intentional 404 (documented),WordPress taxonomy/archive/system path — no content equivalent on new site
/تزریق-بوتاکس-برای-از-بین-بردن-دندان-قرو/,/تزریق-بوتاکس-برای-از-بین-بردن-دندان-قرو/,migration-map|search-console|wordpress-inventory,44,1167,404,,404,https://dralirezasadighi.com/%D8%AA%D8%B2%D8%B1%DB%8C%D9%82-%D8%A8%D9%88%D8%AA%D8%A7%DA%A9%D8%B3-%D8%A8%D8%B1%D8%A7%DB%8C-%D8%A7%D8%B2-%D8%A8%DB%8C%D9%86-%D8%A8%D8%B1%D8%AF%D9%86-%D8%AF%D9%86%D8%AF%D8%A7%D9%86-%D9%82%D8%B1%D9%88,404,/services/facial-cosmetic-surgery,"FIXED (pending deploy): added to legacy-redirects.ts, 2026-08-26 broad audit",keyword-bucket fallback (matched: بوتاکس)
/انواع-تزریق-چربی-میکروفت،-نانوفت-و-سای/,/انواع-تزریق-چربی-میکروفت،-نانوفت-و-سای/,migration-map|search-console|wordpress-inventory,42,1571,404,,404,https://dralirezasadighi.com/%D8%A7%D9%86%D9%88%D8%A7%D8%B9-%D8%AA%D8%B2%D8%B1%DB%8C%D9%82-%DA%86%D8%B1%D8%A8%DB%8C-%D9%85%DB%8C%DA%A9%D8%B1%D9%88%D9%81%D8%AA%D8%8C-%D9%86%D8%A7%D9%86%D9%88%D9%81%D8%AA-%D9%88-%D8%B3%D8%A7%DB%8C,404,/services/facial-cosmetic-surgery,"FIXED (pending deploy): added to legacy-redirects.ts, 2026-08-26 broad audit",keyword-bucket fallback (matched: چربی)
/جراحی-دیجیتال-فک/,/جراحی-دیجیتال-فک/,migration-map|search-console|wordpress-inventory,41,385,404,,404,https://dralirezasadighi.com/%D8%AC%D8%B1%D8%A7%D8%AD%DB%8C-%D8%AF%DB%8C%D8%AC%DB%8C%D8%AA%D8%A7%D9%84-%D9%81%DA%A9,404,/services/orthognathic-surgery,"FIXED (pending deploy): added to legacy-redirects.ts, 2026-08-26 broad audit",keyword-bucket fallback (matched: فک)
/tag/لیفت-شقیقه-در-تبریز/,/tag/لیفت-شقیقه-در-تبریز/,search-console,41,1443,404,,404,https://dralirezasadighi.com/tag/%D9%84%DB%8C%D9%81%D8%AA-%D8%B4%D9%82%DB%8C%D9%82%D9%87-%D8%AF%D8%B1-%D8%AA%D8%A8%D8%B1%DB%8C%D8%B2,404,,intentional 404 (documented),WordPress taxonomy/archive/system path — no content equivalent on new site
/چرا-دکتر-علیرضا-صدیقی-را-برای-جراحی-فک-ا/,/چرا-دکتر-علیرضا-صدیقی-را-برای-جراحی-فک-ا/,migration-map|search-console|wordpress-inventory,39,1723,404,,404,https://dralirezasadighi.com/%DA%86%D8%B1%D8%A7-%D8%AF%DA%A9%D8%AA%D8%B1-%D8%B9%D9%84%DB%8C%D8%B1%D8%B6%D8%A7-%D8%B5%D8%AF%DB%8C%D9%82%DB%8C-%D8%B1%D8%A7-%D8%A8%D8%B1%D8%A7%DB%8C-%D8%AC%D8%B1%D8%A7%D8%AD%DB%8C-%D9%81%DA%A9-%D8%A7,404,/about,"FIXED (pending deploy): added to legacy-redirects.ts, 2026-08-26 broad audit",keyword-bucket fallback (matched: چرا-دکتر)
/اموزش-دوره-ها-تخصصی-ایمپلنت/,/اموزش-دوره-ها-تخصصی-ایمپلنت/,migration-map|search-console|wordpress-inventory,37,314,404,,404,https://dralirezasadighi.com/%D8%A7%D9%85%D9%88%D8%B2%D8%B4-%D8%AF%D9%88%D8%B1%D9%87-%D9%87%D8%A7-%D8%AA%D8%AE%D8%B5%D8%B5%DB%8C-%D8%A7%DB%8C%D9%85%D9%BE%D9%84%D9%86%D8%AA,404,/services/advanced-dental-implant,"FIXED (pending deploy): added to legacy-redirects.ts, 2026-08-26 broad audit",keyword-bucket fallback (matched: ایمپلنت)
/مراقبتهای-قبل-و-بعد-از-جراحی-سینوس-لی/,/مراقبتهای-قبل-و-بعد-از-جراحی-سینوس-لی/,migration-map|search-console|wordpress-inventory,36,778,404,,404,https://dralirezasadighi.com/%D9%85%D8%B1%D8%A7%D9%82%D8%A8%D8%AA%D9%87%D8%A7%DB%8C-%D9%82%D8%A8%D9%84-%D9%88-%D8%A8%D8%B9%D8%AF-%D8%A7%D8%B2-%D8%AC%D8%B1%D8%A7%D8%AD%DB%8C-%D8%B3%DB%8C%D9%86%D9%88%D8%B3-%D9%84%DB%8C,404,/care-instructions/sinus-lift-care,"FIXED (pending deploy): added to legacy-redirects.ts, 2026-08-26 broad audit",care-instructions bucket (matched: سینوس)
/25-سوال-متداول-در-مورد-جراحی-چانه-و-زاویه-2/,/25-سوال-متداول-در-مورد-جراحی-چانه-و-زاویه-2/,migration-map|search-console|wordpress-inventory,31,1081,404,,404,https://dralirezasadighi.com/25-%D8%B3%D9%88%D8%A7%D9%84-%D9%85%D8%AA%D8%AF%D8%A7%D9%88%D9%84-%D8%AF%D8%B1-%D9%85%D9%88%D8%B1%D8%AF-%D8%AC%D8%B1%D8%A7%D8%AD%DB%8C-%DA%86%D8%A7%D9%86%D9%87-%D9%88-%D8%B2%D8%A7%D9%88%DB%8C%D9%87-2,404,/knowledge/25-سوال-متداول-در-مورد-جراحی-چانه-و-زاویه,"FIXED (pending deploy): added to legacy-redirects.ts, 2026-08-26 broad audit",exact knowledge-article slug match (WP duplicate-slug suffix stripped)
/جراحی-چانه-پروتز-فیلر-جینیوپلاستی/,/جراحی-چانه-پروتز-فیلر-جینیوپلاستی/,migration-map|search-console|wordpress-inventory,31,2482,404,,404,https://dralirezasadighi.com/%D8%AC%D8%B1%D8%A7%D8%AD%DB%8C-%DA%86%D8%A7%D9%86%D9%87-%D9%BE%D8%B1%D9%88%D8%AA%D8%B2-%D9%81%DB%8C%D9%84%D8%B1-%D8%AC%DB%8C%D9%86%DB%8C%D9%88%D9%BE%D9%84%D8%A7%D8%B3%D8%AA%DB%8C,404,/services/facial-cosmetic-surgery,"FIXED (pending deploy): added to legacy-redirects.ts, 2026-08-26 broad audit",keyword-bucket fallback (matched: چانه)
/جراحی-ایمپلنت-2/,/جراحی-ایمپلنت-2/,migration-map|search-console|wordpress-inventory,29,3018,404,,404,https://dralirezasadighi.com/%D8%AC%D8%B1%D8%A7%D8%AD%DB%8C-%D8%A7%DB%8C%D9%85%D9%BE%D9%84%D9%86%D8%AA-2,404,/services/advanced-dental-implant,"FIXED (pending deploy): added to legacy-redirects.ts, 2026-08-26 broad audit",keyword-bucket fallback (matched: ایمپلنت)
/facial-asymmetry-due-to-trauma-causes-diagnosis-and-treatment/,/facial-asymmetry-due-to-trauma-causes-diagnosis-and-treatment/,migration-map|search-console|wordpress-inventory,26,2180,404,,404,https://dralirezasadighi.com/facial-asymmetry-due-to-trauma-causes-diagnosis-and-treatment,404,/services/facial-reconstruction-surgery,"FIXED (pending deploy): added to legacy-redirects.ts, 2026-08-26 broad audit",keyword-bucket fallback (matched: trauma)
/جراحی-ناقرینگیهای-صورت-رویکردها-و-م/,/جراحی-ناقرینگیهای-صورت-رویکردها-و-م/,migration-map|search-console|wordpress-inventory,25,1930,404,,404,https://dralirezasadighi.com/%D8%AC%D8%B1%D8%A7%D8%AD%DB%8C-%D9%86%D8%A7%D9%82%D8%B1%DB%8C%D9%86%DA%AF%DB%8C%D9%87%D8%A7%DB%8C-%D8%B5%D9%88%D8%B1%D8%AA-%D8%B1%D9%88%DB%8C%DA%A9%D8%B1%D8%AF%D9%87%D8%A7-%D9%88-%D9%85,404,/services/facial-reconstruction-surgery,"FIXED (pending deploy): added to legacy-redirects.ts, 2026-08-26 broad audit",keyword-bucket fallback (matched: ناقرینگی)
/دوره-نقاهت-جراحی-چانه،-مقایسه-با-پروتز/,/دوره-نقاهت-جراحی-چانه،-مقایسه-با-پروتز/,migration-map|search-console|wordpress-inventory,25,1913,404,,404,https://dralirezasadighi.com/%D8%AF%D9%88%D8%B1%D9%87-%D9%86%D9%82%D8%A7%D9%87%D8%AA-%D8%AC%D8%B1%D8%A7%D8%AD%DB%8C-%DA%86%D8%A7%D9%86%D9%87%D8%8C-%D9%85%D9%82%D8%A7%DB%8C%D8%B3%D9%87-%D8%A8%D8%A7-%D9%BE%D8%B1%D9%88%D8%AA%D8%B2,404,/care-instructions/genioplasty-care,"FIXED (pending deploy): added to legacy-redirects.ts, 2026-08-26 broad audit",care-instructions bucket (matched: چانه)
/ایمپلنت-دندان-اقساطی/,/ایمپلنت-دندان-اقساطی/,migration-map|search-console|wordpress-inventory,25,1452,404,,404,https://dralirezasadighi.com/%D8%A7%DB%8C%D9%85%D9%BE%D9%84%D9%86%D8%AA-%D8%AF%D9%86%D8%AF%D8%A7%D9%86-%D8%A7%D9%82%D8%B3%D8%A7%D8%B7%DB%8C,404,/services/advanced-dental-implant,"FIXED (pending deploy): added to legacy-redirects.ts, 2026-08-26 broad audit",keyword-bucket fallback (matched: ایمپلنت)
/لیفت-شقیقه-گلایدینگ؛-جوانسازی-طبیعی-ب/,/لیفت-شقیقه-گلایدینگ؛-جوانسازی-طبیعی-ب/,rank-math|search-console,25,450,301,https://dralirezasadighi.com/knowledge/%D9%84%DB%8C%D9%81%D8%AA-%D8%B4%D9%82%DB%8C%D9%82%D9%87-%DA%AF%D9%84%D8%A7%DB%8C%D8%AF%DB%8C%D9%86%DA%AF,200,https://dralirezasadighi.com/knowledge/%D9%84%DB%8C%D9%81%D8%AA-%D8%B4%D9%82%DB%8C%D9%82%D9%87-%DA%AF%D9%84%D8%A7%DB%8C%D8%AF%DB%8C%D9%86%DA%AF,redirects_ok,/knowledge/لیفت-شقیقه-گلایدینگ,"already redirects (pre-existing map entry, unrelated to this incident)",Not part of this incident — was already a valid legacy-redirects.ts entry before this audit.
/زیبایی-بینی/,/زیبایی-بینی/,migration-map|search-console|wordpress-inventory,23,13993,404,,404,https://dralirezasadighi.com/%D8%B2%DB%8C%D8%A8%D8%A7%DB%8C%DB%8C-%D8%A8%DB%8C%D9%86%DB%8C,404,/services/rhinoplasty,FIXED (pending deploy): added to legacy-redirects.ts,One of the 5 originally-reported known-failing URLs. Verified 301 -> /services/rhinoplasty in local build. NOT YET on live production (unpushed).
/tag/جراحی-فک-نی-نی-سایت/,/tag/جراحی-فک-نی-نی-سایت/,search-console,23,721,404,,404,https://dralirezasadighi.com/tag/%D8%AC%D8%B1%D8%A7%D8%AD%DB%8C-%D9%81%DA%A9-%D9%86%DB%8C-%D9%86%DB%8C-%D8%B3%D8%A7%DB%8C%D8%AA,404,,intentional 404 (documented),WordPress taxonomy/archive/system path — no content equivalent on new site
/بیماری-کندیلار-هایپرپلاژیا-علل،-تشخی/,/بیماری-کندیلار-هایپرپلاژیا-علل،-تشخی/,migration-map|search-console|wordpress-inventory,22,335,404,,404,https://dralirezasadighi.com/%D8%A8%DB%8C%D9%85%D8%A7%D8%B1%DB%8C-%DA%A9%D9%86%D8%AF%DB%8C%D9%84%D8%A7%D8%B1-%D9%87%D8%A7%DB%8C%D9%BE%D8%B1%D9%BE%D9%84%D8%A7%DA%98%DB%8C%D8%A7-%D8%B9%D9%84%D9%84%D8%8C-%D8%AA%D8%B4%D8%AE%DB%8C,404,/services/orthognathic-surgery,"FIXED (pending deploy): added to legacy-redirects.ts, 2026-08-26 broad audit",keyword-bucket fallback (matched: کندیلار)
/صفحه-اصلی/,/صفحه-اصلی/,migration-map|search-console|wordpress-inventory,22,1354,404,,404,https://dralirezasadighi.com/%D8%B5%D9%81%D8%AD%D9%87-%D8%A7%D8%B5%D9%84%DB%8C,404,/,"FIXED (pending deploy): added to legacy-redirects.ts, 2026-08-26 broad audit",keyword-bucket fallback (matched: صفحه-اصلی)
/sinus-lift-surgery-pre-post-care-guide/,/sinus-lift-surgery-pre-post-care-guide/,migration-map|search-console|wordpress-inventory,21,477,404,,404,https://dralirezasadighi.com/sinus-lift-surgery-pre-post-care-guide,404,/care-instructions/sinus-lift-care,"FIXED (pending deploy): added to legacy-redirects.ts, 2026-08-26 broad audit",care-instructions bucket (matched: sinus)
/پروتز-گونه/,/پروتز-گونه/,migration-map|search-console|wordpress-inventory,21,5521,404,,404,https://dralirezasadighi.com/%D9%BE%D8%B1%D9%88%D8%AA%D8%B2-%DA%AF%D9%88%D9%86%D9%87,404,/services/facial-cosmetic-surgery,"FIXED (pending deploy): added to legacy-redirects.ts, 2026-08-26 broad audit",keyword-bucket fallback (matched: گونه)
/جراحی-فک-دیجیتال/,/جراحی-فک-دیجیتال/,migration-map|search-console|wordpress-inventory,20,339,404,,404,https://dralirezasadighi.com/%D8%AC%D8%B1%D8%A7%D8%AD%DB%8C-%D9%81%DA%A9-%D8%AF%DB%8C%D8%AC%DB%8C%D8%AA%D8%A7%D9%84,404,/services/orthognathic-surgery,"FIXED (pending deploy): added to legacy-redirects.ts, 2026-08-26 broad audit",keyword-bucket fallback (matched: فک)
/مراقبت-جراحی-فک/,/مراقبت-جراحی-فک/,migration-map|search-console|wordpress-inventory,19,736,404,,404,https://dralirezasadighi.com/%D9%85%D8%B1%D8%A7%D9%82%D8%A8%D8%AA-%D8%AC%D8%B1%D8%A7%D8%AD%DB%8C-%D9%81%DA%A9,404,/care-instructions/jaw-surgery-care,"FIXED (pending deploy): added to legacy-redirects.ts, 2026-08-26 broad audit",care-instructions bucket (matched: فک)
/جراحی-فک-خطرناک/,/جراحی-فک-خطرناک/,migration-map|search-console|wordpress-inventory,19,2225,404,,404,https://dralirezasadighi.com/%D8%AC%D8%B1%D8%A7%D8%AD%DB%8C-%D9%81%DA%A9-%D8%AE%D8%B7%D8%B1%D9%86%D8%A7%DA%A9,404,/services/orthognathic-surgery,"FIXED (pending deploy): added to legacy-redirects.ts, 2026-08-26 broad audit",keyword-bucket fallback (matched: فک)
/جراحی-فک-2/,/جراحی-فک-2/,migration-map|search-console|wordpress-inventory,19,10050,404,,404,https://dralirezasadighi.com/%D8%AC%D8%B1%D8%A7%D8%AD%DB%8C-%D9%81%DA%A9-2,404,/services/orthognathic-surgery,"FIXED (pending deploy): added to legacy-redirects.ts, 2026-08-26 broad audit",keyword-bucket fallback (matched: فک)
/سینوس-لیفت-و-ایمپلنت-دندان/,/سینوس-لیفت-و-ایمپلنت-دندان/,migration-map|search-console|wordpress-inventory,18,888,404,,404,https://dralirezasadighi.com/%D8%B3%DB%8C%D9%86%D9%88%D8%B3-%D9%84%DB%8C%D9%81%D8%AA-%D9%88-%D8%A7%DB%8C%D9%85%D9%BE%D9%84%D9%86%D8%AA-%D8%AF%D9%86%D8%AF%D8%A7%D9%86,404,/services/advanced-dental-implant,"FIXED (pending deploy): added to legacy-redirects.ts, 2026-08-26 broad audit",keyword-bucket fallback (matched: ایمپلنت)
/tag/ایمپلنت-تضمینی-در-تبریز/,/tag/ایمپلنت-تضمینی-در-تبریز/,search-console,18,679,404,,404,https://dralirezasadighi.com/tag/%D8%A7%DB%8C%D9%85%D9%BE%D9%84%D9%86%D8%AA-%D8%AA%D8%B6%D9%85%DB%8C%D9%86%DB%8C-%D8%AF%D8%B1-%D8%AA%D8%A8%D8%B1%DB%8C%D8%B2,404,,intentional 404 (documented),WordPress taxonomy/archive/system path — no content equivalent on new site
/بلفاروپلاستی/,/بلفاروپلاستی/,legacy-redirects-spec|migration-map|p0-launch-list|search-console|wordpress-inventory,17,9481,301,https://dralirezasadighi.com/knowledge/%D8%A8%D9%84%D9%81%D8%A7%D8%B1%D9%88%D9%BE%D9%84%D8%A7%D8%B3%D8%AA%DB%8C,200,https://dralirezasadighi.com/knowledge/%D8%A8%D9%84%D9%81%D8%A7%D8%B1%D9%88%D9%BE%D9%84%D8%A7%D8%B3%D8%AA%DB%8C,redirects_ok,/knowledge/بلفاروپلاستی,"already redirects (pre-existing map entry, unrelated to this incident)",Not part of this incident — was already a valid legacy-redirects.ts entry before this audit.
/مقایسه-ایمپلنت-و-دندان-طبیعی-بررسی-تفا/,/مقایسه-ایمپلنت-و-دندان-طبیعی-بررسی-تفا/,migration-map|search-console|wordpress-inventory,17,461,404,,404,https://dralirezasadighi.com/%D9%85%D9%82%D8%A7%DB%8C%D8%B3%D9%87-%D8%A7%DB%8C%D9%85%D9%BE%D9%84%D9%86%D8%AA-%D9%88-%D8%AF%D9%86%D8%AF%D8%A7%D9%86-%D8%B7%D8%A8%DB%8C%D8%B9%DB%8C-%D8%A8%D8%B1%D8%B1%D8%B3%DB%8C-%D8%AA%D9%81%D8%A7,404,/services/advanced-dental-implant,"FIXED (pending deploy): added to legacy-redirects.ts, 2026-08-26 broad audit",keyword-bucket fallback (matched: ایمپلنت)
/جراحی-فک-کم-تهاجمی/,/جراحی-فک-کم-تهاجمی/,migration-map|search-console|wordpress-inventory,17,395,404,,404,https://dralirezasadighi.com/%D8%AC%D8%B1%D8%A7%D8%AD%DB%8C-%D9%81%DA%A9-%DA%A9%D9%85-%D8%AA%D9%87%D8%A7%D8%AC%D9%85%DB%8C,404,/services/orthognathic-surgery,"FIXED (pending deploy): added to legacy-redirects.ts, 2026-08-26 broad audit",keyword-bucket fallback (matched: فک)
/blog/جراحی-دندان/ایمپلنت/,/blog/جراحی-دندان/ایمپلنت/,search-console,17,530,404,,404,https://dralirezasadighi.com/blog/%D8%AC%D8%B1%D8%A7%D8%AD%DB%8C-%D8%AF%D9%86%D8%AF%D8%A7%D9%86/%D8%A7%DB%8C%D9%85%D9%BE%D9%84%D9%86%D8%AA,404,/services/advanced-dental-implant,"FIXED (pending deploy): added to legacy-redirects.ts, 2026-08-26 broad audit",keyword-bucket fallback (matched: ایمپلنت)
/مزایای-جراحی-فک-و-معرفی-بهترین-جراح-فک،/,/مزایای-جراحی-فک-و-معرفی-بهترین-جراح-فک،/,migration-map|search-console|wordpress-inventory,16,734,404,,404,https://dralirezasadighi.com/%D9%85%D8%B2%D8%A7%DB%8C%D8%A7%DB%8C-%D8%AC%D8%B1%D8%A7%D8%AD%DB%8C-%D9%81%DA%A9-%D9%88-%D9%85%D8%B9%D8%B1%D9%81%DB%8C-%D8%A8%D9%87%D8%AA%D8%B1%DB%8C%D9%86-%D8%AC%D8%B1%D8%A7%D8%AD-%D9%81%DA%A9%D8%8C,404,/about,"FIXED (pending deploy): added to legacy-redirects.ts, 2026-08-26 broad audit",keyword-bucket fallback (matched: بهترین-جراح)
/خدمات-زیبایی/,/خدمات-زیبایی/,migration-map|search-console|wordpress-inventory,16,5446,404,,404,https://dralirezasadighi.com/%D8%AE%D8%AF%D9%85%D8%A7%D8%AA-%D8%B2%DB%8C%D8%A8%D8%A7%DB%8C%DB%8C,404,/services,FIXED (pending deploy): added to legacy-redirects.ts,One of the 5 originally-reported known-failing URLs. Verified 301 -> /services in local build. NOT YET on live production (unpushed).
/جراحی-جلوآمدگی-فک-پایین-2/,/جراحی-جلوآمدگی-فک-پایین-2/,migration-map|search-console|wordpress-inventory,14,1362,404,,404,https://dralirezasadighi.com/%D8%AC%D8%B1%D8%A7%D8%AD%DB%8C-%D8%AC%D9%84%D9%88%D8%A2%D9%85%D8%AF%DA%AF%DB%8C-%D9%81%DA%A9-%D9%BE%D8%A7%DB%8C%DB%8C%D9%86-2,404,/services/orthognathic-surgery,"FIXED (pending deploy): added to legacy-redirects.ts, 2026-08-26 broad audit",keyword-bucket fallback (matched: فک)
/رضایت-بیمار-از-جراحی-فک/,/رضایت-بیمار-از-جراحی-فک/,migration-map|search-console|wordpress-inventory,12,192,404,,404,https://dralirezasadighi.com/%D8%B1%D8%B6%D8%A7%DB%8C%D8%AA-%D8%A8%DB%8C%D9%85%D8%A7%D8%B1-%D8%A7%D8%B2-%D8%AC%D8%B1%D8%A7%D8%AD%DB%8C-%D9%81%DA%A9,404,/services/orthognathic-surgery,"FIXED (pending deploy): added to legacy-redirects.ts, 2026-08-26 broad audit",keyword-bucket fallback (matched: فک)
/درمان-غیر-قرینگی-صورت-راهکارها،-نقش-اس/,/درمان-غیر-قرینگی-صورت-راهکارها،-نقش-اس/,migration-map|search-console|wordpress-inventory,12,139,404,,404,https://dralirezasadighi.com/%D8%AF%D8%B1%D9%85%D8%A7%D9%86-%D8%BA%DB%8C%D8%B1-%D9%82%D8%B1%DB%8C%D9%86%DA%AF%DB%8C-%D8%B5%D9%88%D8%B1%D8%AA-%D8%B1%D8%A7%D9%87%DA%A9%D8%A7%D8%B1%D9%87%D8%A7%D8%8C-%D9%86%D9%82%D8%B4-%D8%A7%D8%B3,404,/services/facial-reconstruction-surgery,"FIXED (pending deploy): added to legacy-redirects.ts, 2026-08-26 broad audit",keyword-bucket fallback (matched: غیر-قرینگی)
/blog/جراحی-زیبایی/,/blog/جراحی-زیبایی/,search-console,12,312,404,,404,https://dralirezasadighi.com/blog/%D8%AC%D8%B1%D8%A7%D8%AD%DB%8C-%D8%B2%DB%8C%D8%A8%D8%A7%DB%8C%DB%8C,404,,NEEDS HUMAN DECISION,"No exact knowledge-article match and no confident semantic-keyword bucket — ambiguous topic, needs Hamid's call. See title/clicks for context."
/خنده-لثهای؛-علل،-تشخیص-و-روشهای-درم/,/خنده-لثهای؛-علل،-تشخیص-و-روشهای-درم/,migration-map|search-console|wordpress-inventory,11,1419,404,,404,https://dralirezasadighi.com/%D8%AE%D9%86%D8%AF%D9%87-%D9%84%D8%AB%D9%87%D8%A7%DB%8C%D8%9B-%D8%B9%D9%84%D9%84%D8%8C-%D8%AA%D8%B4%D8%AE%DB%8C%D8%B5-%D9%88-%D8%B1%D9%88%D8%B4%D9%87%D8%A7%DB%8C-%D8%AF%D8%B1%D9%85,404,,NEEDS HUMAN DECISION,"No exact knowledge-article match and no confident semantic-keyword bucket — ambiguous topic, needs Hamid's call. See title/clicks for context."
/عوارض-ایمپلنت-دندان/,/عوارض-ایمپلنت-دندان/,migration-map|search-console|wordpress-inventory,11,1560,404,,404,https://dralirezasadighi.com/%D8%B9%D9%88%D8%A7%D8%B1%D8%B6-%D8%A7%DB%8C%D9%85%D9%BE%D9%84%D9%86%D8%AA-%D8%AF%D9%86%D8%AF%D8%A7%D9%86,404,/services/advanced-dental-implant,"FIXED (pending deploy): added to legacy-redirects.ts, 2026-08-26 broad audit",keyword-bucket fallback (matched: ایمپلنت)
/مراحل-جراحی-فک-در-اتاق-عمل-از-برنامهر/,/مراحل-جراحی-فک-در-اتاق-عمل-از-برنامهر/,rank-math|search-console,11,359,301,https://dralirezasadighi.com/knowledge/%D9%81%DB%8C%D9%84%D9%85_%D8%AC%D8%B1%D8%A7%D8%AD%DB%8C_%D9%81%DA%A9_%D8%AF%D8%B1_%D8%A7%D8%AA%D8%A7%D9%82_%D8%B9%D9%85%D9%84,200,https://dralirezasadighi.com/knowledge/%D9%81%DB%8C%D9%84%D9%85_%D8%AC%D8%B1%D8%A7%D8%AD%DB%8C_%D9%81%DA%A9_%D8%AF%D8%B1_%D8%A7%D8%AA%D8%A7%D9%82_%D8%B9%D9%85%D9%84,redirects_ok,/knowledge/فیلم_جراحی_فک_در_اتاق_عمل,"already redirects (pre-existing map entry, unrelated to this incident)",Not part of this incident — was already a valid legacy-redirects.ts entry before this audit.
/نگاهی-به-انواع-جراحی-دندان-و-آشنایی-با-م/,/نگاهی-به-انواع-جراحی-دندان-و-آشنایی-با-م/,migration-map|search-console|wordpress-inventory,10,748,404,,404,https://dralirezasadighi.com/%D9%86%DA%AF%D8%A7%D9%87%DB%8C-%D8%A8%D9%87-%D8%A7%D9%86%D9%88%D8%A7%D8%B9-%D8%AC%D8%B1%D8%A7%D8%AD%DB%8C-%D8%AF%D9%86%D8%AF%D8%A7%D9%86-%D9%88-%D8%A2%D8%B4%D9%86%D8%A7%DB%8C%DB%8C-%D8%A8%D8%A7-%D9%85,404,,NEEDS HUMAN DECISION,"No exact knowledge-article match and no confident semantic-keyword bucket — ambiguous topic, needs Hamid's call. See title/clicks for context."
/post-surgery-jaw-physiotherapy-a-comprehensive-guide-for-faster-recovery-with-effective-exercises/,/post-surgery-jaw-physiotherapy-a-comprehensive-guide-for-faster-recovery-with-effective-exercises/,migration-map|search-console|wordpress-inventory,10,636,404,,404,https://dralirezasadighi.com/post-surgery-jaw-physiotherapy-a-comprehensive-guide-for-faster-recovery-with-effective-exercises,404,/care-instructions/jaw-physiotherapy,"FIXED (pending deploy): added to legacy-redirects.ts, 2026-08-26 broad audit",care-instructions bucket (matched: physiotherapy)
/صدای-فک-و-اختلالات-مفصل-tmj-علل،-راهکارها/,/صدای-فک-و-اختلالات-مفصل-tmj-علل،-راهکارها/,migration-map|search-console|wordpress-inventory,10,469,404,,404,https://dralirezasadighi.com/%D8%B5%D8%AF%D8%A7%DB%8C-%D9%81%DA%A9-%D9%88-%D8%A7%D8%AE%D8%AA%D9%84%D8%A7%D9%84%D8%A7%D8%AA-%D9%85%D9%81%D8%B5%D9%84-tmj-%D8%B9%D9%84%D9%84%D8%8C-%D8%B1%D8%A7%D9%87%DA%A9%D8%A7%D8%B1%D9%87%D8%A7,404,/services/orthognathic-surgery,"FIXED (pending deploy): added to legacy-redirects.ts, 2026-08-26 broad audit",keyword-bucket fallback (matched: فک)
/ایمپلنت-اشترومن-در-تبریز؛-بهترین-راه/,/ایمپلنت-اشترومن-در-تبریز؛-بهترین-راه/,migration-map|search-console|wordpress-inventory,10,119,404,,404,https://dralirezasadighi.com/%D8%A7%DB%8C%D9%85%D9%BE%D9%84%D9%86%D8%AA-%D8%A7%D8%B4%D8%AA%D8%B1%D9%88%D9%85%D9%86-%D8%AF%D8%B1-%D8%AA%D8%A8%D8%B1%DB%8C%D8%B2%D8%9B-%D8%A8%D9%87%D8%AA%D8%B1%DB%8C%D9%86-%D8%B1%D8%A7%D9%87,404,/services/advanced-dental-implant,"FIXED (pending deploy): added to legacy-redirects.ts, 2026-08-26 broad audit",keyword-bucket fallback (matched: ایمپلنت)
/بوتاکس/,/بوتاکس/,migration-map|search-console|wordpress-inventory,10,8278,404,,404,https://dralirezasadighi.com/%D8%A8%D9%88%D8%AA%D8%A7%DA%A9%D8%B3,404,/services/facial-cosmetic-surgery,"FIXED (pending deploy): added to legacy-redirects.ts, 2026-08-26 broad audit",keyword-bucket fallback (matched: بوتاکس)
/جراحی-چانه،-پروتز-چانه،-فیلر-و-جینیوپل/,/جراحی-چانه،-پروتز-چانه،-فیلر-و-جینیوپل/,rank-math|search-console,10,633,404,,404,https://dralirezasadighi.com/%D8%AC%D8%B1%D8%A7%D8%AD%DB%8C-%DA%86%D8%A7%D9%86%D9%87%D8%8C-%D9%BE%D8%B1%D9%88%D8%AA%D8%B2-%DA%86%D8%A7%D9%86%D9%87%D8%8C-%D9%81%DB%8C%D9%84%D8%B1-%D9%88-%D8%AC%DB%8C%D9%86%DB%8C%D9%88%D9%BE%D9%84,404,/services/facial-cosmetic-surgery,"FIXED (pending deploy): added to legacy-redirects.ts, 2026-08-26 broad audit",keyword-bucket fallback (matched: چانه)
/tag/فیلم-جراحی-فک-در-اتاق-عمل/,/tag/فیلم-جراحی-فک-در-اتاق-عمل/,search-console,10,575,404,,404,https://dralirezasadighi.com/tag/%D9%81%DB%8C%D9%84%D9%85-%D8%AC%D8%B1%D8%A7%D8%AD%DB%8C-%D9%81%DA%A9-%D8%AF%D8%B1-%D8%A7%D8%AA%D8%A7%D9%82-%D8%B9%D9%85%D9%84,404,,intentional 404 (documented),WordPress taxonomy/archive/system path — no content equivalent on new site
/tag/جراحی-فک-نی-نی-سایت؛-تجربهای-موفق-با-ر/,/tag/جراحی-فک-نی-نی-سایت؛-تجربهای-موفق-با-ر/,search-console,10,185,404,,404,https://dralirezasadighi.com/tag/%D8%AC%D8%B1%D8%A7%D8%AD%DB%8C-%D9%81%DA%A9-%D9%86%DB%8C-%D9%86%DB%8C-%D8%B3%D8%A7%DB%8C%D8%AA%D8%9B-%D8%AA%D8%AC%D8%B1%D8%A8%D9%87%D8%A7%DB%8C-%D9%85%D9%88%D9%81%D9%82-%D8%A8%D8%A7-%D8%B1,404,,intentional 404 (documented),WordPress taxonomy/archive/system path — no content equivalent on new site
/رینوپلاستی-چیست؟/,/رینوپلاستی-چیست؟/,migration-map|search-console|wordpress-inventory,9,515,404,,404,https://dralirezasadighi.com/%D8%B1%DB%8C%D9%86%D9%88%D9%BE%D9%84%D8%A7%D8%B3%D8%AA%DB%8C-%DA%86%DB%8C%D8%B3%D8%AA%D8%9F,404,/services/rhinoplasty,"FIXED (pending deploy): added to legacy-redirects.ts, 2026-08-26 broad audit",keyword-bucket fallback (matched: رینوپلاستی)
/آشنایی-با-انواع-عمل-جراحی-زیبایی-صورت/,/آشنایی-با-انواع-عمل-جراحی-زیبایی-صورت/,migration-map|search-console|wordpress-inventory,9,2287,404,,404,https://dralirezasadighi.com/%D8%A2%D8%B4%D9%86%D8%A7%DB%8C%DB%8C-%D8%A8%D8%A7-%D8%A7%D9%86%D9%88%D8%A7%D8%B9-%D8%B9%D9%85%D9%84-%D8%AC%D8%B1%D8%A7%D8%AD%DB%8C-%D8%B2%DB%8C%D8%A8%D8%A7%DB%8C%DB%8C-%D8%B5%D9%88%D8%B1%D8%AA,404,/services/facial-cosmetic-surgery,"FIXED (pending deploy): added to legacy-redirects.ts, 2026-08-26 broad audit",keyword-bucket fallback (matched: زیبایی-صورت)
/مراقبت-های-جراحی-ایمپلنت/,/مراقبت-های-جراحی-ایمپلنت/,migration-map|search-console|wordpress-inventory,9,343,404,,404,https://dralirezasadighi.com/%D9%85%D8%B1%D8%A7%D9%82%D8%A8%D8%AA-%D9%87%D8%A7%DB%8C-%D8%AC%D8%B1%D8%A7%D8%AD%DB%8C-%D8%A7%DB%8C%D9%85%D9%BE%D9%84%D9%86%D8%AA,404,/care-instructions/implant-care,"FIXED (pending deploy): added to legacy-redirects.ts, 2026-08-26 broad audit",care-instructions bucket (matched: ایمپلنت)
/جراحی-سینوس-لیفت-چیست؟/,/جراحی-سینوس-لیفت-چیست؟/,migration-map|search-console|wordpress-inventory,9,809,404,,404,https://dralirezasadighi.com/%D8%AC%D8%B1%D8%A7%D8%AD%DB%8C-%D8%B3%DB%8C%D9%86%D9%88%D8%B3-%D9%84%DB%8C%D9%81%D8%AA-%DA%86%DB%8C%D8%B3%D8%AA%D8%9F,404,/services/facial-cosmetic-surgery,"FIXED (pending deploy): added to legacy-redirects.ts, 2026-08-26 broad audit",keyword-bucket fallback (matched: لیفت)
/درد-دندان-عقل/,/درد-دندان-عقل/,migration-map|search-console|wordpress-inventory,9,335,404,,404,https://dralirezasadighi.com/%D8%AF%D8%B1%D8%AF-%D8%AF%D9%86%D8%AF%D8%A7%D9%86-%D8%B9%D9%82%D9%84,404,/services/impacted-tooth-surgery,"FIXED (pending deploy): added to legacy-redirects.ts, 2026-08-26 broad audit",keyword-bucket fallback (matched: دندان-عقل)
/جوانسازی-صورت-با-فیلر-تهران-و-تبریز/,/جوانسازی-صورت-با-فیلر-تهران-و-تبریز/,migration-map|search-console|wordpress-inventory,9,642,404,,404,https://dralirezasadighi.com/%D8%AC%D9%88%D8%A7%D9%86%D8%B3%D8%A7%D8%B2%DB%8C-%D8%B5%D9%88%D8%B1%D8%AA-%D8%A8%D8%A7-%D9%81%DB%8C%D9%84%D8%B1-%D8%AA%D9%87%D8%B1%D8%A7%D9%86-%D9%88-%D8%AA%D8%A8%D8%B1%DB%8C%D8%B2,404,/services/facial-cosmetic-surgery,"FIXED (pending deploy): added to legacy-redirects.ts, 2026-08-26 broad audit",keyword-bucket fallback (matched: فیلر)
/فک-پایین-عقبرفته/,/فک-پایین-عقبرفته/,migration-map|search-console|wordpress-inventory,9,796,404,,404,https://dralirezasadighi.com/%D9%81%DA%A9-%D9%BE%D8%A7%DB%8C%DB%8C%D9%86-%D8%B9%D9%82%D8%A8%D8%B1%D9%81%D8%AA%D9%87,404,/services/orthognathic-surgery,"FIXED (pending deploy): added to legacy-redirects.ts, 2026-08-26 broad audit",keyword-bucket fallback (matched: فک)
/recessed-lower-jaw-causes-symptoms-and-treatment/,/recessed-lower-jaw-causes-symptoms-and-treatment/,migration-map|search-console|wordpress-inventory,9,9983,404,,404,https://dralirezasadighi.com/recessed-lower-jaw-causes-symptoms-and-treatment,404,/services/orthognathic-surgery,"FIXED (pending deploy): added to legacy-redirects.ts, 2026-08-26 broad audit",keyword-bucket fallback (matched: jaw)
/مراقبت-بعد-از-جراحی-دندان-عقل/,/مراقبت-بعد-از-جراحی-دندان-عقل/,migration-map|search-console|wordpress-inventory,8,188,404,,404,https://dralirezasadighi.com/%D9%85%D8%B1%D8%A7%D9%82%D8%A8%D8%AA-%D8%A8%D8%B9%D8%AF-%D8%A7%D8%B2-%D8%AC%D8%B1%D8%A7%D8%AD%DB%8C-%D8%AF%D9%86%D8%AF%D8%A7%D9%86-%D8%B9%D9%82%D9%84,404,/care-instructions/wisdom-tooth-care,"FIXED (pending deploy): added to legacy-redirects.ts, 2026-08-26 broad audit",care-instructions bucket (matched: دندان-عقل)
/دندان-قروچه/,/دندان-قروچه/,migration-map|search-console|wordpress-inventory,8,292,404,,404,https://dralirezasadighi.com/%D8%AF%D9%86%D8%AF%D8%A7%D9%86-%D9%82%D8%B1%D9%88%DA%86%D9%87,404,,NEEDS HUMAN DECISION,"No exact knowledge-article match and no confident semantic-keyword bucket — ambiguous topic, needs Hamid's call. See title/clicks for context."
/جراحی-فک-و-دندان/,/جراحی-فک-و-دندان/,migration-map|search-console|wordpress-inventory,8,7908,404,,404,https://dralirezasadighi.com/%D8%AC%D8%B1%D8%A7%D8%AD%DB%8C-%D9%81%DA%A9-%D9%88-%D8%AF%D9%86%D8%AF%D8%A7%D9%86,404,/services/orthognathic-surgery,"FIXED (pending deploy): added to legacy-redirects.ts, 2026-08-26 broad audit",keyword-bucket fallback (matched: فک)
/رضایت-بیمار-پس-از-جراحی-بلفاروپلاستی/,/رضایت-بیمار-پس-از-جراحی-بلفاروپلاستی/,migration-map|search-console|wordpress-inventory,7,110,404,,404,https://dralirezasadighi.com/%D8%B1%D8%B6%D8%A7%DB%8C%D8%AA-%D8%A8%DB%8C%D9%85%D8%A7%D8%B1-%D9%BE%D8%B3-%D8%A7%D8%B2-%D8%AC%D8%B1%D8%A7%D8%AD%DB%8C-%D8%A8%D9%84%D9%81%D8%A7%D8%B1%D9%88%D9%BE%D9%84%D8%A7%D8%B3%D8%AA%DB%8C,404,/services/facial-cosmetic-surgery,"FIXED (pending deploy): added to legacy-redirects.ts, 2026-08-26 broad audit",keyword-bucket fallback (matched: بلفاروپلاستی)
/25-سوال-متداول-در-مورد-تزریق-بوتاکس-برای/,/25-سوال-متداول-در-مورد-تزریق-بوتاکس-برای/,migration-map|search-console|wordpress-inventory,7,471,404,,404,https://dralirezasadighi.com/25-%D8%B3%D9%88%D8%A7%D9%84-%D9%85%D8%AA%D8%AF%D8%A7%D9%88%D9%84-%D8%AF%D8%B1-%D9%85%D9%88%D8%B1%D8%AF-%D8%AA%D8%B2%D8%B1%DB%8C%D9%82-%D8%A8%D9%88%D8%AA%D8%A7%DA%A9%D8%B3-%D8%A8%D8%B1%D8%A7%DB%8C,404,/services/facial-cosmetic-surgery,"FIXED (pending deploy): added to legacy-redirects.ts, 2026-08-26 broad audit",keyword-bucket fallback (matched: بوتاکس)
/راهنمای-جامع-ایمپلنت-دندان-در-تبریز-2/,/راهنمای-جامع-ایمپلنت-دندان-در-تبریز-2/,migration-map|search-console|wordpress-inventory,7,332,404,,404,https://dralirezasadighi.com/%D8%B1%D8%A7%D9%87%D9%86%D9%85%D8%A7%DB%8C-%D8%AC%D8%A7%D9%85%D8%B9-%D8%A7%DB%8C%D9%85%D9%BE%D9%84%D9%86%D8%AA-%D8%AF%D9%86%D8%AF%D8%A7%D9%86-%D8%AF%D8%B1-%D8%AA%D8%A8%D8%B1%DB%8C%D8%B2-2,404,/services/advanced-dental-implant,"FIXED (pending deploy): added to legacy-redirects.ts, 2026-08-26 broad audit",keyword-bucket fallback (matched: ایمپلنت)
/بهترین-دندانپزشک-برای-ایمپلنت-دندان-د/,/بهترین-دندانپزشک-برای-ایمپلنت-دندان-د/,migration-map|search-console|wordpress-inventory,7,1440,404,,404,https://dralirezasadighi.com/%D8%A8%D9%87%D8%AA%D8%B1%DB%8C%D9%86-%D8%AF%D9%86%D8%AF%D8%A7%D9%86%D9%BE%D8%B2%D8%B4%DA%A9-%D8%A8%D8%B1%D8%A7%DB%8C-%D8%A7%DB%8C%D9%85%D9%BE%D9%84%D9%86%D8%AA-%D8%AF%D9%86%D8%AF%D8%A7%D9%86-%D8%AF,404,/services/advanced-dental-implant,"FIXED (pending deploy): added to legacy-redirects.ts, 2026-08-26 broad audit",keyword-bucket fallback (matched: ایمپلنت)
/جراحی-زیبایی-بینی/,/جراحی-زیبایی-بینی/,migration-map|search-console|wordpress-inventory,7,312,404,,404,https://dralirezasadighi.com/%D8%AC%D8%B1%D8%A7%D8%AD%DB%8C-%D8%B2%DB%8C%D8%A8%D8%A7%DB%8C%DB%8C-%D8%A8%DB%8C%D9%86%DB%8C,404,/services/rhinoplasty,FIXED (pending deploy): added to legacy-redirects.ts,One of the 5 originally-reported known-failing URLs. Verified 301 -> /services/rhinoplasty in local build. NOT YET on live production (unpushed).
/appointment-form/,/appointment-form/,migration-map|search-console|wordpress-inventory,7,2592,404,,404,https://dralirezasadighi.com/appointment-form,404,/contact,"FIXED (pending deploy): added to legacy-redirects.ts, 2026-08-26 broad audit","hardcoded best-effort mapping (no clean keyword bucket, unambiguous intent)"
/بوکال-فت/,/بوکال-فت/,migration-map|search-console|wordpress-inventory,7,606,404,,404,https://dralirezasadighi.com/%D8%A8%D9%88%DA%A9%D8%A7%D9%84-%D9%81%D8%AA,404,,NEEDS HUMAN DECISION,"No exact knowledge-article match and no confident semantic-keyword bucket — ambiguous topic, needs Hamid's call. See title/clicks for context."
/مراقبت-جراحی-بینی/,/مراقبت-جراحی-بینی/,migration-map|search-console|wordpress-inventory,6,110,404,,404,https://dralirezasadighi.com/%D9%85%D8%B1%D8%A7%D9%82%D8%A8%D8%AA-%D8%AC%D8%B1%D8%A7%D8%AD%DB%8C-%D8%A8%DB%8C%D9%86%DB%8C,404,/care-instructions/rhinoplasty-care,"FIXED (pending deploy): added to legacy-redirects.ts, 2026-08-26 broad audit",care-instructions bucket (matched: بینی)
/همه-چیز-در-مورد-دندان-عقل/,/همه-چیز-در-مورد-دندان-عقل/,migration-map|search-console|wordpress-inventory,6,348,404,,404,https://dralirezasadighi.com/%D9%87%D9%85%D9%87-%DA%86%DB%8C%D8%B2-%D8%AF%D8%B1-%D9%85%D9%88%D8%B1%D8%AF-%D8%AF%D9%86%D8%AF%D8%A7%D9%86-%D8%B9%D9%82%D9%84,404,/services/impacted-tooth-surgery,"FIXED (pending deploy): added to legacy-redirects.ts, 2026-08-26 broad audit",keyword-bucket fallback (matched: دندان-عقل)
/eyebrow-gliding-lift/,/eyebrow-gliding-lift/,migration-map|search-console|wordpress-inventory,6,66,404,,404,https://dralirezasadighi.com/eyebrow-gliding-lift,404,/services/facial-cosmetic-surgery,"FIXED (pending deploy): added to legacy-redirects.ts, 2026-08-26 broad audit",keyword-bucket fallback (matched: lift)
/تزریق-فیلر/,/تزریق-فیلر/,migration-map|search-console|wordpress-inventory,6,200,404,,404,https://dralirezasadighi.com/%D8%AA%D8%B2%D8%B1%DB%8C%D9%82-%D9%81%DB%8C%D9%84%D8%B1,404,/services/facial-cosmetic-surgery,"FIXED (pending deploy): added to legacy-redirects.ts, 2026-08-26 broad audit",keyword-bucket fallback (matched: فیلر)
/tag/جراحی-فک/,/tag/جراحی-فک/,search-console,6,331,404,,404,https://dralirezasadighi.com/tag/%D8%AC%D8%B1%D8%A7%D8%AD%DB%8C-%D9%81%DA%A9,404,,intentional 404 (documented),WordPress taxonomy/archive/system path — no content equivalent on new site
/tag/دکتر-علیرضا-صدیقی،-روشهای-دیجیتال-جر/,/tag/دکتر-علیرضا-صدیقی،-روشهای-دیجیتال-جر/,search-console,6,310,404,,404,https://dralirezasadighi.com/tag/%D8%AF%DA%A9%D8%AA%D8%B1-%D8%B9%D9%84%DB%8C%D8%B1%D8%B6%D8%A7-%D8%B5%D8%AF%DB%8C%D9%82%DB%8C%D8%8C-%D8%B1%D9%88%D8%B4%D9%87%D8%A7%DB%8C-%D8%AF%DB%8C%D8%AC%DB%8C%D8%AA%D8%A7%D9%84-%D8%AC%D8%B1,404,,intentional 404 (documented),WordPress taxonomy/archive/system path — no content equivalent on new site
/راهنمای-جامع-ایمپلنت-دندان-در-تبریز-مع/,/راهنمای-جامع-ایمپلنت-دندان-در-تبریز-مع/,rank-math|search-console,6,296,404,,404,https://dralirezasadighi.com/%D8%B1%D8%A7%D9%87%D9%86%D9%85%D8%A7%DB%8C-%D8%AC%D8%A7%D9%85%D8%B9-%D8%A7%DB%8C%D9%85%D9%BE%D9%84%D9%86%D8%AA-%D8%AF%D9%86%D8%AF%D8%A7%D9%86-%D8%AF%D8%B1-%D8%AA%D8%A8%D8%B1%DB%8C%D8%B2-%D9%85%D8%B9,404,/services/advanced-dental-implant,"FIXED (pending deploy): added to legacy-redirects.ts, 2026-08-26 broad audit",keyword-bucket fallback (matched: ایمپلنت)
/جراحی-بینی/,/جراحی-بینی/,search-console,6,218,404,,404,https://dralirezasadighi.com/%D8%AC%D8%B1%D8%A7%D8%AD%DB%8C-%D8%A8%DB%8C%D9%86%DB%8C,404,/services/rhinoplasty,"FIXED (pending deploy): added to legacy-redirects.ts, 2026-08-26 broad audit",keyword-bucket fallback (matched: بینی)
/جراحی-فک-به-روش-دیجیتال/,/جراحی-فک-به-روش-دیجیتال/,migration-map|search-console|wordpress-inventory,5,226,404,,404,https://dralirezasadighi.com/%D8%AC%D8%B1%D8%A7%D8%AD%DB%8C-%D9%81%DA%A9-%D8%A8%D9%87-%D8%B1%D9%88%D8%B4-%D8%AF%DB%8C%D8%AC%DB%8C%D8%AA%D8%A7%D9%84,404,/services/orthognathic-surgery,"FIXED (pending deploy): added to legacy-redirects.ts, 2026-08-26 broad audit",keyword-bucket fallback (matched: فک)
/ماسک-دندان-چیست-و-چه-کاربردی-دارد؟/,/ماسک-دندان-چیست-و-چه-کاربردی-دارد؟/,migration-map|search-console|wordpress-inventory,5,1471,404,,404,https://dralirezasadighi.com/%D9%85%D8%A7%D8%B3%DA%A9-%D8%AF%D9%86%D8%AF%D8%A7%D9%86-%DA%86%DB%8C%D8%B3%D8%AA-%D9%88-%DA%86%D9%87-%DA%A9%D8%A7%D8%B1%D8%A8%D8%B1%D8%AF%DB%8C-%D8%AF%D8%A7%D8%B1%D8%AF%D8%9F,404,,NEEDS HUMAN DECISION,"No exact knowledge-article match and no confident semantic-keyword bucket — ambiguous topic, needs Hamid's call. See title/clicks for context."
/جراحی-فک-چیست-و-چرا-انجام-میشود؟/,/جراحی-فک-چیست-و-چرا-انجام-میشود؟/,migration-map|search-console|wordpress-inventory,5,1113,404,,404,https://dralirezasadighi.com/%D8%AC%D8%B1%D8%A7%D8%AD%DB%8C-%D9%81%DA%A9-%DA%86%DB%8C%D8%B3%D8%AA-%D9%88-%DA%86%D8%B1%D8%A7-%D8%A7%D9%86%D8%AC%D8%A7%D9%85-%D9%85%DB%8C%D8%B4%D9%88%D8%AF%D8%9F,404,/services/orthognathic-surgery,"FIXED (pending deploy): added to legacy-redirects.ts, 2026-08-26 broad audit",keyword-bucket fallback (matched: فک)
/دلایل-و-مزایا-اهمیت-انجام-ارتودنسی-قبل/,/دلایل-و-مزایا-اهمیت-انجام-ارتودنسی-قبل/,migration-map|search-console|wordpress-inventory,5,296,404,,404,https://dralirezasadighi.com/%D8%AF%D9%84%D8%A7%DB%8C%D9%84-%D9%88-%D9%85%D8%B2%D8%A7%DB%8C%D8%A7-%D8%A7%D9%87%D9%85%DB%8C%D8%AA-%D8%A7%D9%86%D8%AC%D8%A7%D9%85-%D8%A7%D8%B1%D8%AA%D9%88%D8%AF%D9%86%D8%B3%DB%8C-%D9%82%D8%A8%D9%84,404,,NEEDS HUMAN DECISION,"No exact knowledge-article match and no confident semantic-keyword bucket — ambiguous topic, needs Hamid's call. See title/clicks for context."
/recovery-period-of-chin-surgery-comparison-with-chin-implants-and-expertise-of-dr-alireza-sedighi/,/recovery-period-of-chin-surgery-comparison-with-chin-implants-and-expertise-of-dr-alireza-sedighi/,migration-map|search-console|wordpress-inventory,5,203,404,,404,https://dralirezasadighi.com/recovery-period-of-chin-surgery-comparison-with-chin-implants-and-expertise-of-dr-alireza-sedighi,404,/care-instructions/genioplasty-care,"FIXED (pending deploy): added to legacy-redirects.ts, 2026-08-26 broad audit",hardcoded precision fix (keyword-bucket order would otherwise mis-route this one)
/تفاوت-جراحی-دندان-عقل-با-کشیدن-ساده/,/تفاوت-جراحی-دندان-عقل-با-کشیدن-ساده/,migration-map|search-console|wordpress-inventory,5,375,404,,404,https://dralirezasadighi.com/%D8%AA%D9%81%D8%A7%D9%88%D8%AA-%D8%AC%D8%B1%D8%A7%D8%AD%DB%8C-%D8%AF%D9%86%D8%AF%D8%A7%D9%86-%D8%B9%D9%82%D9%84-%D8%A8%D8%A7-%DA%A9%D8%B4%DB%8C%D8%AF%D9%86-%D8%B3%D8%A7%D8%AF%D9%87,404,/services/impacted-tooth-surgery,"FIXED (pending deploy): added to legacy-redirects.ts, 2026-08-26 broad audit",keyword-bucket fallback (matched: دندان-عقل)
/جراحی-دندان-عقل/,/جراحی-دندان-عقل/,migration-map|search-console|wordpress-inventory,5,1102,404,,404,https://dralirezasadighi.com/%D8%AC%D8%B1%D8%A7%D8%AD%DB%8C-%D8%AF%D9%86%D8%AF%D8%A7%D9%86-%D8%B9%D9%82%D9%84,404,/services/impacted-tooth-surgery,"FIXED (pending deploy): added to legacy-redirects.ts, 2026-08-26 broad audit",keyword-bucket fallback (matched: دندان-عقل)
/سوالات-متداول/,/سوالات-متداول/,search-console,5,411,404,,404,https://dralirezasadighi.com/%D8%B3%D9%88%D8%A7%D9%84%D8%A7%D8%AA-%D9%85%D8%AA%D8%AF%D8%A7%D9%88%D9%84,404,,NEEDS HUMAN DECISION,"No exact knowledge-article match and no confident semantic-keyword bucket — ambiguous topic, needs Hamid's call. See title/clicks for context."
/دکتر-علیرضا-صدیقی/23-2/,/دکتر-علیرضا-صدیقی/23-2/,search-console,5,239,404,,404,https://dralirezasadighi.com/%D8%AF%DA%A9%D8%AA%D8%B1-%D8%B9%D9%84%DB%8C%D8%B1%D8%B6%D8%A7-%D8%B5%D8%AF%DB%8C%D9%82%DB%8C/23-2,404,/about,"FIXED (pending deploy): added to legacy-redirects.ts, 2026-08-26 broad audit",keyword-bucket fallback (matched: دکتر-علیرضا-صدیقی)
/tag/جراحی-دندان-عقل-با-بیهوشی-در-تبریز/,/tag/جراحی-دندان-عقل-با-بیهوشی-در-تبریز/,search-console,5,110,404,,404,https://dralirezasadighi.com/tag/%D8%AC%D8%B1%D8%A7%D8%AD%DB%8C-%D8%AF%D9%86%D8%AF%D8%A7%D9%86-%D8%B9%D9%82%D9%84-%D8%A8%D8%A7-%D8%A8%DB%8C%D9%87%D9%88%D8%B4%DB%8C-%D8%AF%D8%B1-%D8%AA%D8%A8%D8%B1%DB%8C%D8%B2,404,,intentional 404 (documented),WordPress taxonomy/archive/system path — no content equivalent on new site
/tag/کلینیک-زیبایی-تبریز/,/tag/کلینیک-زیبایی-تبریز/,search-console,5,105,404,,404,https://dralirezasadighi.com/tag/%DA%A9%D9%84%DB%8C%D9%86%DB%8C%DA%A9-%D8%B2%DB%8C%D8%A8%D8%A7%DB%8C%DB%8C-%D8%AA%D8%A8%D8%B1%DB%8C%D8%B2,404,,intentional 404 (documented),WordPress taxonomy/archive/system path — no content equivalent on new site
/tag/لیفت-شقیقه-گلایدینگ/,/tag/لیفت-شقیقه-گلایدینگ/,search-console,5,72,404,,404,https://dralirezasadighi.com/tag/%D9%84%DB%8C%D9%81%D8%AA-%D8%B4%D9%82%DB%8C%D9%82%D9%87-%DA%AF%D9%84%D8%A7%DB%8C%D8%AF%DB%8C%D9%86%DA%AF,404,,intentional 404 (documented),WordPress taxonomy/archive/system path — no content equivalent on new site
/درمان-ریشه-و-عصب-کشی-چه-تفاوتی-دارند؟/,/درمان-ریشه-و-عصب-کشی-چه-تفاوتی-دارند؟/,migration-map|search-console|wordpress-inventory,4,379,404,,404,https://dralirezasadighi.com/%D8%AF%D8%B1%D9%85%D8%A7%D9%86-%D8%B1%DB%8C%D8%B4%D9%87-%D9%88-%D8%B9%D8%B5%D8%A8-%DA%A9%D8%B4%DB%8C-%DA%86%D9%87-%D8%AA%D9%81%D8%A7%D9%88%D8%AA%DB%8C-%D8%AF%D8%A7%D8%B1%D9%86%D8%AF%D8%9F,404,,NEEDS HUMAN DECISION,"No exact knowledge-article match and no confident semantic-keyword bucket — ambiguous topic, needs Hamid's call. See title/clicks for context."
/مراقبتهای-قبل-از-عمل-لیفت/,/مراقبتهای-قبل-از-عمل-لیفت/,migration-map|search-console|wordpress-inventory,4,40,404,,404,https://dralirezasadighi.com/%D9%85%D8%B1%D8%A7%D9%82%D8%A8%D8%AA%D9%87%D8%A7%DB%8C-%D9%82%D8%A8%D9%84-%D8%A7%D8%B2-%D8%B9%D9%85%D9%84-%D9%84%DB%8C%D9%81%D8%AA,404,/care-instructions/facelift-browlift-care,"FIXED (pending deploy): added to legacy-redirects.ts, 2026-08-26 broad audit",care-instructions bucket (matched: لیفت)
/لیپوساکشن-و-تزریق-چربی-روشهای-نوین-ج/,/لیپوساکشن-و-تزریق-چربی-روشهای-نوین-ج/,migration-map|search-console|wordpress-inventory,4,521,404,,404,https://dralirezasadighi.com/%D9%84%DB%8C%D9%BE%D9%88%D8%B3%D8%A7%DA%A9%D8%B4%D9%86-%D9%88-%D8%AA%D8%B2%D8%B1%DB%8C%D9%82-%DA%86%D8%B1%D8%A8%DB%8C-%D8%B1%D9%88%D8%B4%D9%87%D8%A7%DB%8C-%D9%86%D9%88%DB%8C%D9%86-%D8%AC,404,/services/facial-cosmetic-surgery,"FIXED (pending deploy): added to legacy-redirects.ts, 2026-08-26 broad audit",keyword-bucket fallback (matched: چربی)
/بهترین-برندهای-ایمپلنت-دندانی-اشتروم/,/بهترین-برندهای-ایمپلنت-دندانی-اشتروم/,migration-map|search-console|wordpress-inventory,4,170,404,,404,https://dralirezasadighi.com/%D8%A8%D9%87%D8%AA%D8%B1%DB%8C%D9%86-%D8%A8%D8%B1%D9%86%D8%AF%D9%87%D8%A7%DB%8C-%D8%A7%DB%8C%D9%85%D9%BE%D9%84%D9%86%D8%AA-%D8%AF%D9%86%D8%AF%D8%A7%D9%86%DB%8C-%D8%A7%D8%B4%D8%AA%D8%B1%D9%88%D9%85,404,/services/advanced-dental-implant,"FIXED (pending deploy): added to legacy-redirects.ts, 2026-08-26 broad audit",keyword-bucket fallback (matched: ایمپلنت)
/سوالات-متداول-بلفاروپلاستی/,/سوالات-متداول-بلفاروپلاستی/,migration-map|search-console|wordpress-inventory,4,52,404,,404,https://dralirezasadighi.com/%D8%B3%D9%88%D8%A7%D9%84%D8%A7%D8%AA-%D9%85%D8%AA%D8%AF%D8%A7%D9%88%D9%84-%D8%A8%D9%84%D9%81%D8%A7%D8%B1%D9%88%D9%BE%D9%84%D8%A7%D8%B3%D8%AA%DB%8C,404,/services/facial-cosmetic-surgery,"FIXED (pending deploy): added to legacy-redirects.ts, 2026-08-26 broad audit",keyword-bucket fallback (matched: بلفاروپلاستی)
/جراحی-بلفاروپلاستی/,/جراحی-بلفاروپلاستی/,migration-map|search-console|wordpress-inventory,4,63,404,,404,https://dralirezasadighi.com/%D8%AC%D8%B1%D8%A7%D8%AD%DB%8C-%D8%A8%D9%84%D9%81%D8%A7%D8%B1%D9%88%D9%BE%D9%84%D8%A7%D8%B3%D8%AA%DB%8C,404,/services/facial-cosmetic-surgery,"FIXED (pending deploy): added to legacy-redirects.ts, 2026-08-26 broad audit",keyword-bucket fallback (matched: بلفاروپلاستی)
/لیفت-صورت/,/لیفت-صورت/,migration-map|search-console|wordpress-inventory,4,3420,404,,404,https://dralirezasadighi.com/%D9%84%DB%8C%D9%81%D8%AA-%D8%B5%D9%88%D8%B1%D8%AA,404,/services/facial-cosmetic-surgery,"FIXED (pending deploy): added to legacy-redirects.ts, 2026-08-26 broad audit",keyword-bucket fallback (matched: لیفت)
/blog-en/,/blog-en/,search-console,4,298,404,,404,https://dralirezasadighi.com/blog-en,404,/en/knowledge,"FIXED (pending deploy): added to legacy-redirects.ts, 2026-08-26 broad audit","hardcoded best-effort mapping (no clean keyword bucket, unambiguous intent)"
/tag/جراحی-چانه/,/tag/جراحی-چانه/,search-console,4,283,404,,404,https://dralirezasadighi.com/tag/%D8%AC%D8%B1%D8%A7%D8%AD%DB%8C-%DA%86%D8%A7%D9%86%D9%87,404,,intentional 404 (documented),WordPress taxonomy/archive/system path — no content equivalent on new site
/en/25-سوال-متداول-در-مورد-جراحی-تزریق-چربی/,/en/25-سوال-متداول-در-مورد-جراحی-تزریق-چربی/,search-console,4,250,404,,404,https://dralirezasadighi.com/en/25-%D8%B3%D9%88%D8%A7%D9%84-%D9%85%D8%AA%D8%AF%D8%A7%D9%88%D9%84-%D8%AF%D8%B1-%D9%85%D9%88%D8%B1%D8%AF-%D8%AC%D8%B1%D8%A7%D8%AD%DB%8C-%D8%AA%D8%B2%D8%B1%DB%8C%D9%82-%DA%86%D8%B1%D8%A8%DB%8C,404,/en/services/facial-cosmetic-surgery,"FIXED (pending deploy): added to legacy-redirects.ts, 2026-08-26 broad audit",keyword-bucket fallback (matched: چربی)
/tag/جراحی-فک-پایین-عقب-رفته/,/tag/جراحی-فک-پایین-عقب-رفته/,search-console,4,175,404,,404,https://dralirezasadighi.com/tag/%D8%AC%D8%B1%D8%A7%D8%AD%DB%8C-%D9%81%DA%A9-%D9%BE%D8%A7%DB%8C%DB%8C%D9%86-%D8%B9%D9%82%D8%A8-%D8%B1%D9%81%D8%AA%D9%87,404,,intentional 404 (documented),WordPress taxonomy/archive/system path — no content equivalent on new site
/tag/دکتر-ایمپلنت-تبریز/,/tag/دکتر-ایمپلنت-تبریز/,search-console,4,69,404,,404,https://dralirezasadighi.com/tag/%D8%AF%DA%A9%D8%AA%D8%B1-%D8%A7%DB%8C%D9%85%D9%BE%D9%84%D9%86%D8%AA-%D8%AA%D8%A8%D8%B1%DB%8C%D8%B2,404,,intentional 404 (documented),WordPress taxonomy/archive/system path — no content equivalent on new site
/tag/هزینه-جراحی-فک/,/tag/هزینه-جراحی-فک/,search-console,4,69,404,,404,https://dralirezasadighi.com/tag/%D9%87%D8%B2%DB%8C%D9%86%D9%87-%D8%AC%D8%B1%D8%A7%D8%AD%DB%8C-%D9%81%DA%A9,404,,intentional 404 (documented),WordPress taxonomy/archive/system path — no content equivalent on new site
/tag/جراحی-فک-با-برش-کم/,/tag/جراحی-فک-با-برش-کم/,search-console,4,69,404,,404,https://dralirezasadighi.com/tag/%D8%AC%D8%B1%D8%A7%D8%AD%DB%8C-%D9%81%DA%A9-%D8%A8%D8%A7-%D8%A8%D8%B1%D8%B4-%DA%A9%D9%85,404,,intentional 404 (documented),WordPress taxonomy/archive/system path — no content equivalent on new site
/tag/جراحی-کندیلکتومی/,/tag/جراحی-کندیلکتومی/,search-console,4,43,404,,404,https://dralirezasadighi.com/tag/%D8%AC%D8%B1%D8%A7%D8%AD%DB%8C-%DA%A9%D9%86%D8%AF%DB%8C%D9%84%DA%A9%D8%AA%D9%88%D9%85%DB%8C,404,,intentional 404 (documented),WordPress taxonomy/archive/system path — no content equivalent on new site
/tag/مراقبتهای-پس-از-جراحی/,/tag/مراقبتهای-پس-از-جراحی/,search-console,4,36,404,,404,https://dralirezasadighi.com/tag/%D9%85%D8%B1%D8%A7%D9%82%D8%A8%D8%AA%D9%87%D8%A7%DB%8C-%D9%BE%D8%B3-%D8%A7%D8%B2-%D8%AC%D8%B1%D8%A7%D8%AD%DB%8C,404,,intentional 404 (documented),WordPress taxonomy/archive/system path — no content equivalent on new site
/tag/لیفت-شقیقه-گلایدینگ؛-جوانسازی-طبیعی-ب/,/tag/لیفت-شقیقه-گلایدینگ؛-جوانسازی-طبیعی-ب/,search-console,4,17,404,,404,https://dralirezasadighi.com/tag/%D9%84%DB%8C%D9%81%D8%AA-%D8%B4%D9%82%DB%8C%D9%82%D9%87-%DA%AF%D9%84%D8%A7%DB%8C%D8%AF%DB%8C%D9%86%DA%AF%D8%9B-%D8%AC%D9%88%D8%A7%D9%86%D8%B3%D8%A7%D8%B2%DB%8C-%D8%B7%D8%A8%DB%8C%D8%B9%DB%8C-%D8%A8,404,,intentional 404 (documented),WordPress taxonomy/archive/system path — no content equivalent on new site
/ایمپلنت-ساب-پریوستئال-دیجیتال/,/ایمپلنت-ساب-پریوستئال-دیجیتال/,migration-map|search-console|wordpress-inventory,3,115,404,,404,https://dralirezasadighi.com/%D8%A7%DB%8C%D9%85%D9%BE%D9%84%D9%86%D8%AA-%D8%B3%D8%A7%D8%A8-%D9%BE%D8%B1%DB%8C%D9%88%D8%B3%D8%AA%D8%A6%D8%A7%D9%84-%D8%AF%DB%8C%D8%AC%DB%8C%D8%AA%D8%A7%D9%84,404,/services/advanced-dental-implant,"FIXED (pending deploy): added to legacy-redirects.ts, 2026-08-26 broad audit",keyword-bucket fallback (matched: ایمپلنت)
/جراحی-فک-و-مواردی-که-باید-بدانید/,/جراحی-فک-و-مواردی-که-باید-بدانید/,migration-map|search-console|wordpress-inventory,3,84,404,,404,https://dralirezasadighi.com/%D8%AC%D8%B1%D8%A7%D8%AD%DB%8C-%D9%81%DA%A9-%D9%88-%D9%85%D9%88%D8%A7%D8%B1%D8%AF%DB%8C-%DA%A9%D9%87-%D8%A8%D8%A7%DB%8C%D8%AF-%D8%A8%D8%AF%D8%A7%D9%86%DB%8C%D8%AF,404,/services/orthognathic-surgery,"FIXED (pending deploy): added to legacy-redirects.ts, 2026-08-26 broad audit",keyword-bucket fallback (matched: فک)
/بوتاکس-برای-جوانسازی-پیشانی-و-دور-چشم-ر/,/بوتاکس-برای-جوانسازی-پیشانی-و-دور-چشم-ر/,migration-map|search-console|wordpress-inventory,3,315,404,,404,https://dralirezasadighi.com/%D8%A8%D9%88%D8%AA%D8%A7%DA%A9%D8%B3-%D8%A8%D8%B1%D8%A7%DB%8C-%D8%AC%D9%88%D8%A7%D9%86%D8%B3%D8%A7%D8%B2%DB%8C-%D9%BE%DB%8C%D8%B4%D8%A7%D9%86%DB%8C-%D9%88-%D8%AF%D9%88%D8%B1-%DA%86%D8%B4%D9%85-%D8%B1,404,/services/facial-cosmetic-surgery,"FIXED (pending deploy): added to legacy-redirects.ts, 2026-08-26 broad audit",keyword-bucket fallback (matched: پیشانی)
/جراحی-فک-ارتوگناتیک-مراحل-و-روند-درما/,/جراحی-فک-ارتوگناتیک-مراحل-و-روند-درما/,migration-map|search-console|wordpress-inventory,3,672,404,,404,https://dralirezasadighi.com/%D8%AC%D8%B1%D8%A7%D8%AD%DB%8C-%D9%81%DA%A9-%D8%A7%D8%B1%D8%AA%D9%88%DA%AF%D9%86%D8%A7%D8%AA%DB%8C%DA%A9-%D9%85%D8%B1%D8%A7%D8%AD%D9%84-%D9%88-%D8%B1%D9%88%D9%86%D8%AF-%D8%AF%D8%B1%D9%85%D8%A7,404,/services/orthognathic-surgery,"FIXED (pending deploy): added to legacy-redirects.ts, 2026-08-26 broad audit",keyword-bucket fallback (matched: فک)
/en/facial-asymmetry-due-to-trauma-causes-diagnosis-and-treatment/,/en/facial-asymmetry-due-to-trauma-causes-diagnosis-and-treatment/,search-console,3,416,404,,404,https://dralirezasadighi.com/en/facial-asymmetry-due-to-trauma-causes-diagnosis-and-treatment,404,/en/services/facial-reconstruction-surgery,"FIXED (pending deploy): added to legacy-redirects.ts, 2026-08-26 broad audit",keyword-bucket fallback (matched: trauma)
/tag/ایمپلنت-فوری-در-تبریز/,/tag/ایمپلنت-فوری-در-تبریز/,search-console,3,149,404,,404,https://dralirezasadighi.com/tag/%D8%A7%DB%8C%D9%85%D9%BE%D9%84%D9%86%D8%AA-%D9%81%D9%88%D8%B1%DB%8C-%D8%AF%D8%B1-%D8%AA%D8%A8%D8%B1%DB%8C%D8%B2,404,,intentional 404 (documented),WordPress taxonomy/archive/system path — no content equivalent on new site
/tag/هزینه-جراحی-فک-کمتهاجمی/,/tag/هزینه-جراحی-فک-کمتهاجمی/,search-console,3,144,404,,404,https://dralirezasadighi.com/tag/%D9%87%D8%B2%DB%8C%D9%86%D9%87-%D8%AC%D8%B1%D8%A7%D8%AD%DB%8C-%D9%81%DA%A9-%DA%A9%D9%85%D8%AA%D9%87%D8%A7%D8%AC%D9%85%DB%8C,404,,intentional 404 (documented),WordPress taxonomy/archive/system path — no content equivalent on new site
/tag/ویژگیهای-شکل-بینی-اروپایی/,/tag/ویژگیهای-شکل-بینی-اروپایی/,search-console,3,118,404,,404,https://dralirezasadighi.com/tag/%D9%88%DB%8C%DA%98%DA%AF%DB%8C%D9%87%D8%A7%DB%8C-%D8%B4%DA%A9%D9%84-%D8%A8%DB%8C%D9%86%DB%8C-%D8%A7%D8%B1%D9%88%D9%BE%D8%A7%DB%8C%DB%8C,404,,intentional 404 (documented),WordPress taxonomy/archive/system path — no content equivalent on new site
/blog/دسته-بندی-نشده/سینوس-لیفت/,/blog/دسته-بندی-نشده/سینوس-لیفت/,search-console,3,114,404,,404,https://dralirezasadighi.com/blog/%D8%AF%D8%B3%D8%AA%D9%87-%D8%A8%D9%86%D8%AF%DB%8C-%D9%86%D8%B4%D8%AF%D9%87/%D8%B3%DB%8C%D9%86%D9%88%D8%B3-%D9%84%DB%8C%D9%81%D8%AA,404,/services/facial-cosmetic-surgery,"FIXED (pending deploy): added to legacy-redirects.ts, 2026-08-26 broad audit",keyword-bucket fallback (matched: لیفت)
/tag/نظرات-بیماران-دکتر-علیرضا-صدیقی/,/tag/نظرات-بیماران-دکتر-علیرضا-صدیقی/,search-console,3,99,404,,404,https://dralirezasadighi.com/tag/%D9%86%D8%B8%D8%B1%D8%A7%D8%AA-%D8%A8%DB%8C%D9%85%D8%A7%D8%B1%D8%A7%D9%86-%D8%AF%DA%A9%D8%AA%D8%B1-%D8%B9%D9%84%DB%8C%D8%B1%D8%B6%D8%A7-%D8%B5%D8%AF%DB%8C%D9%82%DB%8C,404,,intentional 404 (documented),WordPress taxonomy/archive/system path — no content equivalent on new site
/tag/کلینیک-زیبایی-تهران/,/tag/کلینیک-زیبایی-تهران/,search-console,3,90,404,,404,https://dralirezasadighi.com/tag/%DA%A9%D9%84%DB%8C%D9%86%DB%8C%DA%A9-%D8%B2%DB%8C%D8%A8%D8%A7%DB%8C%DB%8C-%D8%AA%D9%87%D8%B1%D8%A7%D9%86,404,,intentional 404 (documented),WordPress taxonomy/archive/system path — no content equivalent on new site
/tag/بازگرداندن-لبخند/,/tag/بازگرداندن-لبخند/,search-console,3,67,404,,404,https://dralirezasadighi.com/tag/%D8%A8%D8%A7%D8%B2%DA%AF%D8%B1%D8%AF%D8%A7%D9%86%D8%AF%D9%86-%D9%84%D8%A8%D8%AE%D9%86%D8%AF,404,,intentional 404 (documented),WordPress taxonomy/archive/system path — no content equivalent on new site
/tag/بهبودی-بعد-از-جراحی/,/tag/بهبودی-بعد-از-جراحی/,search-console,3,60,404,,404,https://dralirezasadighi.com/tag/%D8%A8%D9%87%D8%A8%D9%88%D8%AF%DB%8C-%D8%A8%D8%B9%D8%AF-%D8%A7%D8%B2-%D8%AC%D8%B1%D8%A7%D8%AD%DB%8C,404,,intentional 404 (documented),WordPress taxonomy/archive/system path — no content equivalent on new site
/مقالات/,/مقالات/,search-console,3,41,404,,404,https://dralirezasadighi.com/%D9%85%D9%82%D8%A7%D9%84%D8%A7%D8%AA,404,/knowledge,"FIXED (pending deploy): added to legacy-redirects.ts, 2026-08-26 broad audit","hardcoded best-effort mapping (no clean keyword bucket, unambiguous intent)"
/tag/مراقبتهای-پس-از-جراحی-بینی-به-سبک-ارو/,/tag/مراقبتهای-پس-از-جراحی-بینی-به-سبک-ارو/,search-console,3,35,404,,404,https://dralirezasadighi.com/tag/%D9%85%D8%B1%D8%A7%D9%82%D8%A8%D8%AA%D9%87%D8%A7%DB%8C-%D9%BE%D8%B3-%D8%A7%D8%B2-%D8%AC%D8%B1%D8%A7%D8%AD%DB%8C-%D8%A8%DB%8C%D9%86%DB%8C-%D8%A8%D9%87-%D8%B3%D8%A8%DA%A9-%D8%A7%D8%B1%D9%88,404,,intentional 404 (documented),WordPress taxonomy/archive/system path — no content equivalent on new site
/روشهای-نوین-جراحی-برای-اصلاح-جلوآمدگ/,/روشهای-نوین-جراحی-برای-اصلاح-جلوآمدگ/,rank-math|search-console,3,33,404,,404,https://dralirezasadighi.com/%D8%B1%D9%88%D8%B4%D9%87%D8%A7%DB%8C-%D9%86%D9%88%DB%8C%D9%86-%D8%AC%D8%B1%D8%A7%D8%AD%DB%8C-%D8%A8%D8%B1%D8%A7%DB%8C-%D8%A7%D8%B5%D9%84%D8%A7%D8%AD-%D8%AC%D9%84%D9%88%D8%A2%D9%85%D8%AF%DA%AF,404,/services/orthognathic-surgery,"FIXED (pending deploy): added to legacy-redirects.ts, 2026-08-26 broad audit",keyword-bucket fallback (matched: جلوآمدگ)
/مراقبت-های-بعد-از-عمل/,/مراقبت-های-بعد-از-عمل/,search-console,3,27,404,,404,https://dralirezasadighi.com/%D9%85%D8%B1%D8%A7%D9%82%D8%A8%D8%AA-%D9%87%D8%A7%DB%8C-%D8%A8%D8%B9%D8%AF-%D8%A7%D8%B2-%D8%B9%D9%85%D9%84,404,,NEEDS HUMAN DECISION,"No exact knowledge-article match and no confident semantic-keyword bucket — ambiguous topic, needs Hamid's call. See title/clicks for context."
/tag/زیبایی-فک/,/tag/زیبایی-فک/,search-console,3,16,404,,404,https://dralirezasadighi.com/tag/%D8%B2%DB%8C%D8%A8%D8%A7%DB%8C%DB%8C-%D9%81%DA%A9,404,,intentional 404 (documented),WordPress taxonomy/archive/system path — no content equivalent on new site
/رضایت-بیمار-از-جراحی-فک-بالا-و-پایین/,/رضایت-بیمار-از-جراحی-فک-بالا-و-پایین/,migration-map|search-console|wordpress-inventory,2,16,404,,404,https://dralirezasadighi.com/%D8%B1%D8%B6%D8%A7%DB%8C%D8%AA-%D8%A8%DB%8C%D9%85%D8%A7%D8%B1-%D8%A7%D8%B2-%D8%AC%D8%B1%D8%A7%D8%AD%DB%8C-%D9%81%DA%A9-%D8%A8%D8%A7%D9%84%D8%A7-%D9%88-%D9%BE%D8%A7%DB%8C%DB%8C%D9%86,404,/services/orthognathic-surgery,"FIXED (pending deploy): added to legacy-redirects.ts, 2026-08-26 broad audit",keyword-bucket fallback (matched: فک)
/جراحی-دندان-عقل-در-تهران-و-تبریز-چرا-ان/,/جراحی-دندان-عقل-در-تهران-و-تبریز-چرا-ان/,migration-map|search-console|wordpress-inventory,2,62,404,,404,https://dralirezasadighi.com/%D8%AC%D8%B1%D8%A7%D8%AD%DB%8C-%D8%AF%D9%86%D8%AF%D8%A7%D9%86-%D8%B9%D9%82%D9%84-%D8%AF%D8%B1-%D8%AA%D9%87%D8%B1%D8%A7%D9%86-%D9%88-%D8%AA%D8%A8%D8%B1%DB%8C%D8%B2-%DA%86%D8%B1%D8%A7-%D8%A7%D9%86,404,/services/impacted-tooth-surgery,"FIXED (pending deploy): added to legacy-redirects.ts, 2026-08-26 broad audit",keyword-bucket fallback (matched: دندان-عقل)
/راهنمای-جامع-کاشت-دندان-و-ایمپلنت-در-تب/,/راهنمای-جامع-کاشت-دندان-و-ایمپلنت-در-تب/,migration-map|search-console|wordpress-inventory,2,78,404,,404,https://dralirezasadighi.com/%D8%B1%D8%A7%D9%87%D9%86%D9%85%D8%A7%DB%8C-%D8%AC%D8%A7%D9%85%D8%B9-%DA%A9%D8%A7%D8%B4%D8%AA-%D8%AF%D9%86%D8%AF%D8%A7%D9%86-%D9%88-%D8%A7%DB%8C%D9%85%D9%BE%D9%84%D9%86%D8%AA-%D8%AF%D8%B1-%D8%AA%D8%A8,404,/services/advanced-dental-implant,"FIXED (pending deploy): added to legacy-redirects.ts, 2026-08-26 broad audit",keyword-bucket fallback (matched: ایمپلنت)
/ایمپلنت-سوئیسی-دیجیتالی/,/ایمپلنت-سوئیسی-دیجیتالی/,migration-map|search-console|wordpress-inventory,2,237,404,,404,https://dralirezasadighi.com/%D8%A7%DB%8C%D9%85%D9%BE%D9%84%D9%86%D8%AA-%D8%B3%D9%88%D8%A6%DB%8C%D8%B3%DB%8C-%D8%AF%DB%8C%D8%AC%DB%8C%D8%AA%D8%A7%D9%84%DB%8C,404,/services/advanced-dental-implant,"FIXED (pending deploy): added to legacy-redirects.ts, 2026-08-26 broad audit",keyword-bucket fallback (matched: ایمپلنت)
/ایمپلنت-دندان-قیمت-ایمپلنت-دندان/,/ایمپلنت-دندان-قیمت-ایمپلنت-دندان/,migration-map|search-console|wordpress-inventory,2,45,404,,404,https://dralirezasadighi.com/%D8%A7%DB%8C%D9%85%D9%BE%D9%84%D9%86%D8%AA-%D8%AF%D9%86%D8%AF%D8%A7%D9%86-%D9%82%DB%8C%D9%85%D8%AA-%D8%A7%DB%8C%D9%85%D9%BE%D9%84%D9%86%D8%AA-%D8%AF%D9%86%D8%AF%D8%A7%D9%86,404,/services/advanced-dental-implant,"FIXED (pending deploy): added to legacy-redirects.ts, 2026-08-26 broad audit",keyword-bucket fallback (matched: ایمپلنت)
/best-rhinoplasty-surgeon-tabriz/,/best-rhinoplasty-surgeon-tabriz/,migration-map|search-console|wordpress-inventory,2,62,404,,404,https://dralirezasadighi.com/best-rhinoplasty-surgeon-tabriz,404,/services/rhinoplasty,"FIXED (pending deploy): added to legacy-redirects.ts, 2026-08-26 broad audit",keyword-bucket fallback (matched: rhinoplasty)
/جراحی-دندان/,/جراحی-دندان/,migration-map|search-console|wordpress-inventory,2,281,404,,404,https://dralirezasadighi.com/%D8%AC%D8%B1%D8%A7%D8%AD%DB%8C-%D8%AF%D9%86%D8%AF%D8%A7%D9%86,404,,NEEDS HUMAN DECISION,"No exact knowledge-article match and no confident semantic-keyword bucket — ambiguous topic, needs Hamid's call. See title/clicks for context."
/بازسازی-نواقص-صورت/,/بازسازی-نواقص-صورت/,migration-map|search-console|wordpress-inventory,2,38,404,,404,https://dralirezasadighi.com/%D8%A8%D8%A7%D8%B2%D8%B3%D8%A7%D8%B2%DB%8C-%D9%86%D9%88%D8%A7%D9%82%D8%B5-%D8%B5%D9%88%D8%B1%D8%AA,404,,NEEDS HUMAN DECISION,"No exact knowledge-article match and no confident semantic-keyword bucket — ambiguous topic, needs Hamid's call. See title/clicks for context."
/en/post-surgery-jaw-physiotherapy-a-comprehensive-guide-for-faster-recovery-with-effective-exercises/,/en/post-surgery-jaw-physiotherapy-a-comprehensive-guide-for-faster-recovery-with-effective-exercises/,search-console,2,358,404,,404,https://dralirezasadighi.com/en/post-surgery-jaw-physiotherapy-a-comprehensive-guide-for-faster-recovery-with-effective-exercises,404,/en/care-instructions/jaw-physiotherapy,"FIXED (pending deploy): added to legacy-redirects.ts, 2026-08-26 broad audit",care-instructions bucket (matched: physiotherapy)
/tag/پروگناتیسم/,/tag/پروگناتیسم/,search-console,2,285,404,,404,https://dralirezasadighi.com/tag/%D9%BE%D8%B1%D9%88%DA%AF%D9%86%D8%A7%D8%AA%DB%8C%D8%B3%D9%85,404,,intentional 404 (documented),WordPress taxonomy/archive/system path — no content equivalent on new site
/tag/دندانپزشکی-اقساطی-در-تبریز/,/tag/دندانپزشکی-اقساطی-در-تبریز/,search-console,2,177,404,,404,https://dralirezasadighi.com/tag/%D8%AF%D9%86%D8%AF%D8%A7%D9%86%D9%BE%D8%B2%D8%B4%DA%A9%DB%8C-%D8%A7%D9%82%D8%B3%D8%A7%D8%B7%DB%8C-%D8%AF%D8%B1-%D8%AA%D8%A8%D8%B1%DB%8C%D8%B2,404,,intentional 404 (documented),WordPress taxonomy/archive/system path — no content equivalent on new site
/tag/جراحی-لیفت-در-تبریز/,/tag/جراحی-لیفت-در-تبریز/,search-console,2,156,404,,404,https://dralirezasadighi.com/tag/%D8%AC%D8%B1%D8%A7%D8%AD%DB%8C-%D9%84%DB%8C%D9%81%D8%AA-%D8%AF%D8%B1-%D8%AA%D8%A8%D8%B1%DB%8C%D8%B2,404,,intentional 404 (documented),WordPress taxonomy/archive/system path — no content equivalent on new site
/جراحی-فک-نی-نی-سایت/جراحی-فک-نی-نی-سایت/,/جراحی-فک-نی-نی-سایت/جراحی-فک-نی-نی-سایت/,search-console,2,78,404,,404,https://dralirezasadighi.com/%D8%AC%D8%B1%D8%A7%D8%AD%DB%8C-%D9%81%DA%A9-%D9%86%DB%8C-%D9%86%DB%8C-%D8%B3%D8%A7%DB%8C%D8%AA/%D8%AC%D8%B1%D8%A7%D8%AD%DB%8C-%D9%81%DA%A9-%D9%86%DB%8C-%D9%86%DB%8C-%D8%B3%D8%A7%DB%8C%D8%AA,404,/services/orthognathic-surgery,"FIXED (pending deploy): added to legacy-redirects.ts, 2026-08-26 broad audit",keyword-bucket fallback (matched: فک)
/blog/جراحی-دندان/ایمپلنت/دندانپزشک/,/blog/جراحی-دندان/ایمپلنت/دندانپزشک/,search-console,2,72,404,,404,https://dralirezasadighi.com/blog/%D8%AC%D8%B1%D8%A7%D8%AD%DB%8C-%D8%AF%D9%86%D8%AF%D8%A7%D9%86/%D8%A7%DB%8C%D9%85%D9%BE%D9%84%D9%86%D8%AA/%D8%AF%D9%86%D8%AF%D8%A7%D9%86%D9%BE%D8%B2%D8%B4%DA%A9,404,/services/advanced-dental-implant,"FIXED (pending deploy): added to legacy-redirects.ts, 2026-08-26 broad audit",keyword-bucket fallback (matched: ایمپلنت)
/tag/هزینه-جراحی-بینی/,/tag/هزینه-جراحی-بینی/,search-console,2,50,404,,404,https://dralirezasadighi.com/tag/%D9%87%D8%B2%DB%8C%D9%86%D9%87-%D8%AC%D8%B1%D8%A7%D8%AD%DB%8C-%D8%A8%DB%8C%D9%86%DB%8C,404,,intentional 404 (documented),WordPress taxonomy/archive/system path — no content equivalent on new site
/tag/سینوس-لیفت-تبریز/,/tag/سینوس-لیفت-تبریز/,search-console,2,48,404,,404,https://dralirezasadighi.com/tag/%D8%B3%DB%8C%D9%86%D9%88%D8%B3-%D9%84%DB%8C%D9%81%D8%AA-%D8%AA%D8%A8%D8%B1%DB%8C%D8%B2,404,,intentional 404 (documented),WordPress taxonomy/archive/system path — no content equivalent on new site
/tag/ایمپلنت-دیجیتال-در-تبریز/,/tag/ایمپلنت-دیجیتال-در-تبریز/,search-console,2,29,404,,404,https://dralirezasadighi.com/tag/%D8%A7%DB%8C%D9%85%D9%BE%D9%84%D9%86%D8%AA-%D8%AF%DB%8C%D8%AC%DB%8C%D8%AA%D8%A7%D9%84-%D8%AF%D8%B1-%D8%AA%D8%A8%D8%B1%DB%8C%D8%B2,404,,intentional 404 (documented),WordPress taxonomy/archive/system path — no content equivalent on new site
/tag/مشکلات-عملکردی-فک/,/tag/مشکلات-عملکردی-فک/,search-console,2,28,404,,404,https://dralirezasadighi.com/tag/%D9%85%D8%B4%DA%A9%D9%84%D8%A7%D8%AA-%D8%B9%D9%85%D9%84%DA%A9%D8%B1%D8%AF%DB%8C-%D9%81%DA%A9,404,,intentional 404 (documented),WordPress taxonomy/archive/system path — no content equivalent on new site
/tag/ایمپلنت-اقساطی-در-تبریز/,/tag/ایمپلنت-اقساطی-در-تبریز/,search-console,2,23,404,,404,https://dralirezasadighi.com/tag/%D8%A7%DB%8C%D9%85%D9%BE%D9%84%D9%86%D8%AA-%D8%A7%D9%82%D8%B3%D8%A7%D8%B7%DB%8C-%D8%AF%D8%B1-%D8%AA%D8%A8%D8%B1%DB%8C%D8%B2,404,,intentional 404 (documented),WordPress taxonomy/archive/system path — no content equivalent on new site
/tag/ایمپلنت-ساب-پریوستئال-دیجیتال/,/tag/ایمپلنت-ساب-پریوستئال-دیجیتال/,search-console,2,22,404,,404,https://dralirezasadighi.com/tag/%D8%A7%DB%8C%D9%85%D9%BE%D9%84%D9%86%D8%AA-%D8%B3%D8%A7%D8%A8-%D9%BE%D8%B1%DB%8C%D9%88%D8%B3%D8%AA%D8%A6%D8%A7%D9%84-%D8%AF%DB%8C%D8%AC%DB%8C%D8%AA%D8%A7%D9%84,404,,intentional 404 (documented),WordPress taxonomy/archive/system path — no content equivalent on new site
/tag/جراحی-دندان-عقل-در-تهران-و-تبریز-چرا-ان/,/tag/جراحی-دندان-عقل-در-تهران-و-تبریز-چرا-ان/,search-console,2,17,404,,404,https://dralirezasadighi.com/tag/%D8%AC%D8%B1%D8%A7%D8%AD%DB%8C-%D8%AF%D9%86%D8%AF%D8%A7%D9%86-%D8%B9%D9%82%D9%84-%D8%AF%D8%B1-%D8%AA%D9%87%D8%B1%D8%A7%D9%86-%D9%88-%D8%AA%D8%A8%D8%B1%DB%8C%D8%B2-%DA%86%D8%B1%D8%A7-%D8%A7%D9%86,404,,intentional 404 (documented),WordPress taxonomy/archive/system path — no content equivalent on new site
/tag/بهبود-زیبایی-طبیعی/,/tag/بهبود-زیبایی-طبیعی/,search-console,2,14,404,,404,https://dralirezasadighi.com/tag/%D8%A8%D9%87%D8%A8%D9%88%D8%AF-%D8%B2%DB%8C%D8%A8%D8%A7%DB%8C%DB%8C-%D8%B7%D8%A8%DB%8C%D8%B9%DB%8C,404,,intentional 404 (documented),WordPress taxonomy/archive/system path — no content equivalent on new site
/انواع-روش-های-جراحی-چانه/,/انواع-روش-های-جراحی-چانه/,migration-map|search-console|wordpress-inventory,1,1239,404,,404,https://dralirezasadighi.com/%D8%A7%D9%86%D9%88%D8%A7%D8%B9-%D8%B1%D9%88%D8%B4-%D9%87%D8%A7%DB%8C-%D8%AC%D8%B1%D8%A7%D8%AD%DB%8C-%DA%86%D8%A7%D9%86%D9%87,404,/services/facial-cosmetic-surgery,"FIXED (pending deploy): added to legacy-redirects.ts, 2026-08-26 broad audit",keyword-bucket fallback (matched: چانه)
/پل-دندان-یا-بریج-دندان-چیست؟/,/پل-دندان-یا-بریج-دندان-چیست؟/,migration-map|search-console|wordpress-inventory,1,466,404,,404,https://dralirezasadighi.com/%D9%BE%D9%84-%D8%AF%D9%86%D8%AF%D8%A7%D9%86-%DB%8C%D8%A7-%D8%A8%D8%B1%DB%8C%D8%AC-%D8%AF%D9%86%D8%AF%D8%A7%D9%86-%DA%86%DB%8C%D8%B3%D8%AA%D8%9F,404,,NEEDS HUMAN DECISION,"No exact knowledge-article match and no confident semantic-keyword bucket — ambiguous topic, needs Hamid's call. See title/clicks for context."
/رضایت-بیمار-از-جراحی-بینی/,/رضایت-بیمار-از-جراحی-بینی/,migration-map|search-console|wordpress-inventory,1,158,404,,404,https://dralirezasadighi.com/%D8%B1%D8%B6%D8%A7%DB%8C%D8%AA-%D8%A8%DB%8C%D9%85%D8%A7%D8%B1-%D8%A7%D8%B2-%D8%AC%D8%B1%D8%A7%D8%AD%DB%8C-%D8%A8%DB%8C%D9%86%DB%8C,404,/services/rhinoplasty,"FIXED (pending deploy): added to legacy-redirects.ts, 2026-08-26 broad audit",keyword-bucket fallback (matched: بینی)
/راهنمای-کامل-درمان-لبخند-لثهای-علل،/,/راهنمای-کامل-درمان-لبخند-لثهای-علل،/,migration-map|search-console|wordpress-inventory,1,47,404,,404,https://dralirezasadighi.com/%D8%B1%D8%A7%D9%87%D9%86%D9%85%D8%A7%DB%8C-%DA%A9%D8%A7%D9%85%D9%84-%D8%AF%D8%B1%D9%85%D8%A7%D9%86-%D9%84%D8%A8%D8%AE%D9%86%D8%AF-%D9%84%D8%AB%D9%87%D8%A7%DB%8C-%D8%B9%D9%84%D9%84%D8%8C,404,,NEEDS HUMAN DECISION,"No exact knowledge-article match and no confident semantic-keyword bucket — ambiguous topic, needs Hamid's call. See title/clicks for context."
/روند-درمانی-و-ترتیب-درمانی-جراحی-فک،-ای/,/روند-درمانی-و-ترتیب-درمانی-جراحی-فک،-ای/,migration-map|search-console|wordpress-inventory,1,12,404,,404,https://dralirezasadighi.com/%D8%B1%D9%88%D9%86%D8%AF-%D8%AF%D8%B1%D9%85%D8%A7%D9%86%DB%8C-%D9%88-%D8%AA%D8%B1%D8%AA%DB%8C%D8%A8-%D8%AF%D8%B1%D9%85%D8%A7%D9%86%DB%8C-%D8%AC%D8%B1%D8%A7%D8%AD%DB%8C-%D9%81%DA%A9%D8%8C-%D8%A7%DB%8C,404,/services/orthognathic-surgery,"FIXED (pending deploy): added to legacy-redirects.ts, 2026-08-26 broad audit",keyword-bucket fallback (matched: فک)
/treatment-of-facial-asymmetry-solutions-the-role-of-nuclear-medicine-scans-and-the-appropriate-age-for-jaw-surgery/,/treatment-of-facial-asymmetry-solutions-the-role-of-nuclear-medicine-scans-and-the-appropriate-age-for-jaw-surgery/,migration-map|search-console|wordpress-inventory,1,17,404,,404,https://dralirezasadighi.com/treatment-of-facial-asymmetry-solutions-the-role-of-nuclear-medicine-scans-and-the-appropriate-age-for-jaw-surgery,404,/services/facial-reconstruction-surgery,"FIXED (pending deploy): added to legacy-redirects.ts, 2026-08-26 broad audit",keyword-bucket fallback (matched: asymmetry)
/همهچیز-درباره-دندان-عقل-زمان-مناسب-ب/,/همهچیز-درباره-دندان-عقل-زمان-مناسب-ب/,migration-map|search-console|wordpress-inventory,1,113,404,,404,https://dralirezasadighi.com/%D9%87%D9%85%D9%87%DA%86%DB%8C%D8%B2-%D8%AF%D8%B1%D8%A8%D8%A7%D8%B1%D9%87-%D8%AF%D9%86%D8%AF%D8%A7%D9%86-%D8%B9%D9%82%D9%84-%D8%B2%D9%85%D8%A7%D9%86-%D9%85%D9%86%D8%A7%D8%B3%D8%A8-%D8%A8,404,/about,"FIXED (pending deploy): added to legacy-redirects.ts, 2026-08-26 broad audit",keyword-bucket fallback (matched: درباره)
/موفقیت-۱۳-واحد-ایمپلنت-پساز-دو-سال-بی/,/موفقیت-۱۳-واحد-ایمپلنت-پساز-دو-سال-بی/,migration-map|search-console|wordpress-inventory,1,130,404,,404,https://dralirezasadighi.com/%D9%85%D9%88%D9%81%D9%82%DB%8C%D8%AA-%DB%B1%DB%B3-%D9%88%D8%A7%D8%AD%D8%AF-%D8%A7%DB%8C%D9%85%D9%BE%D9%84%D9%86%D8%AA-%D9%BE%D8%B3%D8%A7%D8%B2-%D8%AF%D9%88-%D8%B3%D8%A7%D9%84-%D8%A8%DB%8C,404,/services/advanced-dental-implant,"FIXED (pending deploy): added to legacy-redirects.ts, 2026-08-26 broad audit",keyword-bucket fallback (matched: ایمپلنت)
/ایمپلنت-دیجیتال/,/ایمپلنت-دیجیتال/,migration-map|search-console|wordpress-inventory,1,163,404,,404,https://dralirezasadighi.com/%D8%A7%DB%8C%D9%85%D9%BE%D9%84%D9%86%D8%AA-%D8%AF%DB%8C%D8%AC%DB%8C%D8%AA%D8%A7%D9%84,404,/services/advanced-dental-implant,"FIXED (pending deploy): added to legacy-redirects.ts, 2026-08-26 broad audit",keyword-bucket fallback (matched: ایمپلنت)
/ایمپلنت-در-تهران/,/ایمپلنت-در-تهران/,migration-map|search-console|wordpress-inventory,1,125,404,,404,https://dralirezasadighi.com/%D8%A7%DB%8C%D9%85%D9%BE%D9%84%D9%86%D8%AA-%D8%AF%D8%B1-%D8%AA%D9%87%D8%B1%D8%A7%D9%86,404,/services/advanced-dental-implant,"FIXED (pending deploy): added to legacy-redirects.ts, 2026-08-26 broad audit",keyword-bucket fallback (matched: ایمپلنت)
/ایمپلنت-اقساطی-در-تهران/,/ایمپلنت-اقساطی-در-تهران/,migration-map|search-console|wordpress-inventory,1,1603,404,,404,https://dralirezasadighi.com/%D8%A7%DB%8C%D9%85%D9%BE%D9%84%D9%86%D8%AA-%D8%A7%D9%82%D8%B3%D8%A7%D8%B7%DB%8C-%D8%AF%D8%B1-%D8%AA%D9%87%D8%B1%D8%A7%D9%86,404,/services/advanced-dental-implant,"FIXED (pending deploy): added to legacy-redirects.ts, 2026-08-26 broad audit",keyword-bucket fallback (matched: ایمپلنت)
/سوالات-متداول-ایمپلنت/,/سوالات-متداول-ایمپلنت/,migration-map|search-console|wordpress-inventory,1,34,404,,404,https://dralirezasadighi.com/%D8%B3%D9%88%D8%A7%D9%84%D8%A7%D8%AA-%D9%85%D8%AA%D8%AF%D8%A7%D9%88%D9%84-%D8%A7%DB%8C%D9%85%D9%BE%D9%84%D9%86%D8%AA,404,/services/advanced-dental-implant,"FIXED (pending deploy): added to legacy-redirects.ts, 2026-08-26 broad audit",keyword-bucket fallback (matched: ایمپلنت)
/ساکشن-غبغب/,/ساکشن-غبغب/,migration-map|search-console|wordpress-inventory,1,461,404,,404,https://dralirezasadighi.com/%D8%B3%D8%A7%DA%A9%D8%B4%D9%86-%D8%BA%D8%A8%D8%BA%D8%A8,404,,NEEDS HUMAN DECISION,"No exact knowledge-article match and no confident semantic-keyword bucket — ambiguous topic, needs Hamid's call. See title/clicks for context."
/en/recessed-lower-jaw-causes-symptoms-and-treatment/,/en/recessed-lower-jaw-causes-symptoms-and-treatment/,search-console,1,1830,404,,404,https://dralirezasadighi.com/en/recessed-lower-jaw-causes-symptoms-and-treatment,404,/en/services/orthognathic-surgery,"FIXED (pending deploy): added to legacy-redirects.ts, 2026-08-26 broad audit",keyword-bucket fallback (matched: jaw)
/tag/لبخند-لثهای-چیست؟/,/tag/لبخند-لثهای-چیست؟/,search-console,1,241,404,,404,https://dralirezasadighi.com/tag/%D9%84%D8%A8%D8%AE%D9%86%D8%AF-%D9%84%D8%AB%D9%87%D8%A7%DB%8C-%DA%86%DB%8C%D8%B3%D8%AA%D8%9F,404,,intentional 404 (documented),WordPress taxonomy/archive/system path — no content equivalent on new site
/راهنمای-جامع-جراحی-فک-پایین-جلو-آمده-هر/,/راهنمای-جامع-جراحی-فک-پایین-جلو-آمده-هر/,rank-math|search-console,1,236,301,https://dralirezasadighi.com/knowledge/%D8%AC%D8%B1%D8%A7%D8%AD%DB%8C-%D9%81%DA%A9-%D9%BE%D8%A7%DB%8C%DB%8C%D9%86-%D8%AC%D9%84%D9%88-%D8%A2%D9%85%D8%AF%D9%87,200,https://dralirezasadighi.com/knowledge/%D8%AC%D8%B1%D8%A7%D8%AD%DB%8C-%D9%81%DA%A9-%D9%BE%D8%A7%DB%8C%DB%8C%D9%86-%D8%AC%D9%84%D9%88-%D8%A2%D9%85%D8%AF%D9%87,redirects_ok,/knowledge/جراحی-فک-پایین-جلو-آمده,"already redirects (pre-existing map entry, unrelated to this incident)",Not part of this incident — was already a valid legacy-redirects.ts entry before this audit.
/blog/,/blog/,search-console,1,187,404,,404,https://dralirezasadighi.com/blog,404,/knowledge,"FIXED (pending deploy): added to legacy-redirects.ts, 2026-08-26 broad audit","hardcoded best-effort mapping (no clean keyword bucket, unambiguous intent)"
/tag/جراحی-فک-سریع/,/tag/جراحی-فک-سریع/,search-console,1,97,404,,404,https://dralirezasadighi.com/tag/%D8%AC%D8%B1%D8%A7%D8%AD%DB%8C-%D9%81%DA%A9-%D8%B3%D8%B1%DB%8C%D8%B9,404,,intentional 404 (documented),WordPress taxonomy/archive/system path — no content equivalent on new site
/tag/فیلم-جراحی-فک/,/tag/فیلم-جراحی-فک/,search-console,1,92,404,,404,https://dralirezasadighi.com/tag/%D9%81%DB%8C%D9%84%D9%85-%D8%AC%D8%B1%D8%A7%D8%AD%DB%8C-%D9%81%DA%A9,404,,intentional 404 (documented),WordPress taxonomy/archive/system path — no content equivalent on new site
/رضایت-بیماران/,/رضایت-بیماران/,search-console,1,87,404,,404,https://dralirezasadighi.com/%D8%B1%D8%B6%D8%A7%DB%8C%D8%AA-%D8%A8%DB%8C%D9%85%D8%A7%D8%B1%D8%A7%D9%86,404,,NEEDS HUMAN DECISION,"No exact knowledge-article match and no confident semantic-keyword bucket — ambiguous topic, needs Hamid's call. See title/clicks for context."
/en/lower-jaw-surgery-for-receding-jaw-improving-function-and-aesthetics/,/en/lower-jaw-surgery-for-receding-jaw-improving-function-and-aesthetics/,search-console,1,83,404,,404,https://dralirezasadighi.com/en/lower-jaw-surgery-for-receding-jaw-improving-function-and-aesthetics,404,/en/services/orthognathic-surgery,"FIXED (pending deploy): added to legacy-redirects.ts, 2026-08-26 broad audit",keyword-bucket fallback (matched: jaw)
/tag/رتروگناتیا/,/tag/رتروگناتیا/,search-console,1,77,404,,404,https://dralirezasadighi.com/tag/%D8%B1%D8%AA%D8%B1%D9%88%DA%AF%D9%86%D8%A7%D8%AA%DB%8C%D8%A7,404,,intentional 404 (documented),WordPress taxonomy/archive/system path — no content equivalent on new site
/tag/why-choose-dr-alireza-sedighi-for-jaw-surgery-a-top-choice-for-precision-and-excellence/,/tag/why-choose-dr-alireza-sedighi-for-jaw-surgery-a-top-choice-for-precision-and-excellence/,search-console,1,76,404,,404,https://dralirezasadighi.com/tag/why-choose-dr-alireza-sedighi-for-jaw-surgery-a-top-choice-for-precision-and-excellence,404,,intentional 404 (documented),WordPress taxonomy/archive/system path — no content equivalent on new site
/tag/جراحی-فک-تبریز/,/tag/جراحی-فک-تبریز/,search-console,1,63,404,,404,https://dralirezasadighi.com/tag/%D8%AC%D8%B1%D8%A7%D8%AD%DB%8C-%D9%81%DA%A9-%D8%AA%D8%A8%D8%B1%DB%8C%D8%B2,404,,intentional 404 (documented),WordPress taxonomy/archive/system path — no content equivalent on new site
/سینوس-لیفت-تخصصی-و-کاشت-ایمپلنت-دندان-ب/,/سینوس-لیفت-تخصصی-و-کاشت-ایمپلنت-دندان-ب/,rank-math|search-console,1,60,404,,404,https://dralirezasadighi.com/%D8%B3%DB%8C%D9%86%D9%88%D8%B3-%D9%84%DB%8C%D9%81%D8%AA-%D8%AA%D8%AE%D8%B5%D8%B5%DB%8C-%D9%88-%DA%A9%D8%A7%D8%B4%D8%AA-%D8%A7%DB%8C%D9%85%D9%BE%D9%84%D9%86%D8%AA-%D8%AF%D9%86%D8%AF%D8%A7%D9%86-%D8%A8,404,/services/advanced-dental-implant,"FIXED (pending deploy): added to legacy-redirects.ts, 2026-08-26 broad audit",keyword-bucket fallback (matched: ایمپلنت)
/بهترین-جراح-فک-در-تبریز-راهنمای-کامل-ا/فک-تبریز/,/بهترین-جراح-فک-در-تبریز-راهنمای-کامل-ا/فک-تبریز/,search-console,1,53,404,,404,https://dralirezasadighi.com/%D8%A8%D9%87%D8%AA%D8%B1%DB%8C%D9%86-%D8%AC%D8%B1%D8%A7%D8%AD-%D9%81%DA%A9-%D8%AF%D8%B1-%D8%AA%D8%A8%D8%B1%DB%8C%D8%B2-%D8%B1%D8%A7%D9%87%D9%86%D9%85%D8%A7%DB%8C-%DA%A9%D8%A7%D9%85%D9%84-%D8%A7/%D9%81%DA%A9-%D8%AA%D8%A8%D8%B1%DB%8C%D8%B2,404,/about,"FIXED (pending deploy): added to legacy-redirects.ts, 2026-08-26 broad audit",keyword-bucket fallback (matched: بهترین-جراح)
/tag/جراحی-لیفت-ابرو-در-تبریز/,/tag/جراحی-لیفت-ابرو-در-تبریز/,search-console,1,49,404,,404,https://dralirezasadighi.com/tag/%D8%AC%D8%B1%D8%A7%D8%AD%DB%8C-%D9%84%DB%8C%D9%81%D8%AA-%D8%A7%D8%A8%D8%B1%D9%88-%D8%AF%D8%B1-%D8%AA%D8%A8%D8%B1%DB%8C%D8%B2,404,,intentional 404 (documented),WordPress taxonomy/archive/system path — no content equivalent on new site
/فک-پایین-عقبرفته-چیست؟-دلایل،-علائم/,/فک-پایین-عقبرفته-چیست؟-دلایل،-علائم/,rank-math|search-console,1,48,404,,404,https://dralirezasadighi.com/%D9%81%DA%A9-%D9%BE%D8%A7%DB%8C%DB%8C%D9%86-%D8%B9%D9%82%D8%A8%D8%B1%D9%81%D8%AA%D9%87-%DA%86%DB%8C%D8%B3%D8%AA%D8%9F-%D8%AF%D9%84%D8%A7%DB%8C%D9%84%D8%8C-%D8%B9%D9%84%D8%A7%D8%A6%D9%85,404,/services/orthognathic-surgery,"FIXED (pending deploy): added to legacy-redirects.ts, 2026-08-26 broad audit",keyword-bucket fallback (matched: فک)
/صفحه-اصلی/23-3/,/صفحه-اصلی/23-3/,search-console,1,48,404,,404,https://dralirezasadighi.com/%D8%B5%D9%81%D8%AD%D9%87-%D8%A7%D8%B5%D9%84%DB%8C/23-3,404,/,"FIXED (pending deploy): added to legacy-redirects.ts, 2026-08-26 broad audit",keyword-bucket fallback (matched: صفحه-اصلی)
/tag/خدمات-زیبایی-ممتاز/,/tag/خدمات-زیبایی-ممتاز/,search-console,1,45,404,,404,https://dralirezasadighi.com/tag/%D8%AE%D8%AF%D9%85%D8%A7%D8%AA-%D8%B2%DB%8C%D8%A8%D8%A7%DB%8C%DB%8C-%D9%85%D9%85%D8%AA%D8%A7%D8%B2,404,,intentional 404 (documented),WordPress taxonomy/archive/system path — no content equivalent on new site
/untitled-3-2/,/untitled-3-2/,search-console,1,45,404,,404,https://dralirezasadighi.com/untitled-3-2,404,,NEEDS HUMAN DECISION,"No exact knowledge-article match and no confident semantic-keyword bucket — ambiguous topic, needs Hamid's call. See title/clicks for context."
/tag/dental-implant-and-jaw-surgery/,/tag/dental-implant-and-jaw-surgery/,search-console,1,39,404,,404,https://dralirezasadighi.com/tag/dental-implant-and-jaw-surgery,404,,intentional 404 (documented),WordPress taxonomy/archive/system path — no content equivalent on new site
/جراحی-دندان-عقل-با-بیهوشی-در-تبریز/جراحی-دندان-عقل-با-بیهوشی-در-تبریز/,/جراحی-دندان-عقل-با-بیهوشی-در-تبریز/جراحی-دندان-عقل-با-بیهوشی-در-تبریز/,search-console,1,36,404,,404,https://dralirezasadighi.com/%D8%AC%D8%B1%D8%A7%D8%AD%DB%8C-%D8%AF%D9%86%D8%AF%D8%A7%D9%86-%D8%B9%D9%82%D9%84-%D8%A8%D8%A7-%D8%A8%DB%8C%D9%87%D9%88%D8%B4%DB%8C-%D8%AF%D8%B1-%D8%AA%D8%A8%D8%B1%DB%8C%D8%B2/%D8%AC%D8%B1%D8%A7%D8%AD%DB%8C-%D8%AF%D9%86%D8%AF%D8%A7%D9%86-%D8%B9%D9%82%D9%84-%D8%A8%D8%A7-%D8%A8%DB%8C%D9%87%D9%88%D8%B4%DB%8C-%D8%AF%D8%B1-%D8%AA%D8%A8%D8%B1%DB%8C%D8%B2,404,/services/impacted-tooth-surgery,"FIXED (pending deploy): added to legacy-redirects.ts, 2026-08-26 broad audit",keyword-bucket fallback (matched: دندان-عقل)
/تزریق-بوتاکس-برای-از-بین-بردن-دندان-قرو/botox-injection-for/,/تزریق-بوتاکس-برای-از-بین-بردن-دندان-قرو/botox-injection-for/,search-console,1,32,404,,404,https://dralirezasadighi.com/%D8%AA%D8%B2%D8%B1%DB%8C%D9%82-%D8%A8%D9%88%D8%AA%D8%A7%DA%A9%D8%B3-%D8%A8%D8%B1%D8%A7%DB%8C-%D8%A7%D8%B2-%D8%A8%DB%8C%D9%86-%D8%A8%D8%B1%D8%AF%D9%86-%D8%AF%D9%86%D8%AF%D8%A7%D9%86-%D9%82%D8%B1%D9%88/botox-injection-for,404,/services/facial-cosmetic-surgery,"FIXED (pending deploy): added to legacy-redirects.ts, 2026-08-26 broad audit",keyword-bucket fallback (matched: بوتاکس)
/tag/بهترین-جراح-ایمپلنت-تبریز/,/tag/بهترین-جراح-ایمپلنت-تبریز/,search-console,1,32,404,,404,https://dralirezasadighi.com/tag/%D8%A8%D9%87%D8%AA%D8%B1%DB%8C%D9%86-%D8%AC%D8%B1%D8%A7%D8%AD-%D8%A7%DB%8C%D9%85%D9%BE%D9%84%D9%86%D8%AA-%D8%AA%D8%A8%D8%B1%DB%8C%D8%B2,404,,intentional 404 (documented),WordPress taxonomy/archive/system path — no content equivalent on new site
/خدمات/,/خدمات/,search-console,1,31,404,,404,https://dralirezasadighi.com/%D8%AE%D8%AF%D9%85%D8%A7%D8%AA,404,/services,"FIXED (pending deploy): added to legacy-redirects.ts, 2026-08-26 broad audit",keyword-bucket fallback (matched: خدمات)
/ایمپلنت-دندان-اقساطی-کاشت-دندان-با-ش/photo_2025-03-28_17-18-17/,/ایمپلنت-دندان-اقساطی-کاشت-دندان-با-ش/photo_2025-03-28_17-18-17/,search-console,1,29,404,,404,https://dralirezasadighi.com/%D8%A7%DB%8C%D9%85%D9%BE%D9%84%D9%86%D8%AA-%D8%AF%D9%86%D8%AF%D8%A7%D9%86-%D8%A7%D9%82%D8%B3%D8%A7%D8%B7%DB%8C-%DA%A9%D8%A7%D8%B4%D8%AA-%D8%AF%D9%86%D8%AF%D8%A7%D9%86-%D8%A8%D8%A7-%D8%B4/photo_2025-03-28_17-18-17,404,/services/advanced-dental-implant,"FIXED (pending deploy): added to legacy-redirects.ts, 2026-08-26 broad audit",keyword-bucket fallback (matched: ایمپلنت)
/tag/هزینه-و-مزایای-ارتودنسی-و-جراحی-فک/,/tag/هزینه-و-مزایای-ارتودنسی-و-جراحی-فک/,search-console,1,28,404,,404,https://dralirezasadighi.com/tag/%D9%87%D8%B2%DB%8C%D9%86%D9%87-%D9%88-%D9%85%D8%B2%D8%A7%DB%8C%D8%A7%DB%8C-%D8%A7%D8%B1%D8%AA%D9%88%D8%AF%D9%86%D8%B3%DB%8C-%D9%88-%D8%AC%D8%B1%D8%A7%D8%AD%DB%8C-%D9%81%DA%A9,404,,intentional 404 (documented),WordPress taxonomy/archive/system path — no content equivalent on new site
/tag/توضیحاتی-در-مورد-ایمپلنت-دیجیتال/,/tag/توضیحاتی-در-مورد-ایمپلنت-دیجیتال/,search-console,1,28,404,,404,https://dralirezasadighi.com/tag/%D8%AA%D9%88%D8%B6%DB%8C%D8%AD%D8%A7%D8%AA%DB%8C-%D8%AF%D8%B1-%D9%85%D9%88%D8%B1%D8%AF-%D8%A7%DB%8C%D9%85%D9%BE%D9%84%D9%86%D8%AA-%D8%AF%DB%8C%D8%AC%DB%8C%D8%AA%D8%A7%D9%84,404,,intentional 404 (documented),WordPress taxonomy/archive/system path — no content equivalent on new site
/tag/فک-عقب-رفته/,/tag/فک-عقب-رفته/,search-console,1,24,404,,404,https://dralirezasadighi.com/tag/%D9%81%DA%A9-%D8%B9%D9%82%D8%A8-%D8%B1%D9%81%D8%AA%D9%87,404,,intentional 404 (documented),WordPress taxonomy/archive/system path — no content equivalent on new site
/blog/جراحی-زیبایی/جراحی-زیبایی-بینی/,/blog/جراحی-زیبایی/جراحی-زیبایی-بینی/,search-console,1,23,404,,404,https://dralirezasadighi.com/blog/%D8%AC%D8%B1%D8%A7%D8%AD%DB%8C-%D8%B2%DB%8C%D8%A8%D8%A7%DB%8C%DB%8C/%D8%AC%D8%B1%D8%A7%D8%AD%DB%8C-%D8%B2%DB%8C%D8%A8%D8%A7%DB%8C%DB%8C-%D8%A8%DB%8C%D9%86%DB%8C,404,/services/rhinoplasty,"FIXED (pending deploy): added to legacy-redirects.ts, 2026-08-26 broad audit",keyword-bucket fallback (matched: بینی)
/tag/چرا-جراحی-دیجیتال-فک/,/tag/چرا-جراحی-دیجیتال-فک/,search-console,1,22,404,,404,https://dralirezasadighi.com/tag/%DA%86%D8%B1%D8%A7-%D8%AC%D8%B1%D8%A7%D8%AD%DB%8C-%D8%AF%DB%8C%D8%AC%DB%8C%D8%AA%D8%A7%D9%84-%D9%81%DA%A9,404,,intentional 404 (documented),WordPress taxonomy/archive/system path — no content equivalent on new site
/rezayat1-2/,/rezayat1-2/,search-console,1,20,404,,404,https://dralirezasadighi.com/rezayat1-2,404,,NEEDS HUMAN DECISION,"No exact knowledge-article match and no confident semantic-keyword bucket — ambiguous topic, needs Hamid's call. See title/clicks for context."
/tag/مدت-زمان-فیزیوتراپی-فک/,/tag/مدت-زمان-فیزیوتراپی-فک/,search-console,1,19,404,,404,https://dralirezasadighi.com/tag/%D9%85%D8%AF%D8%AA-%D8%B2%D9%85%D8%A7%D9%86-%D9%81%DB%8C%D8%B2%DB%8C%D9%88%D8%AA%D8%B1%D8%A7%D9%BE%DB%8C-%D9%81%DA%A9,404,,intentional 404 (documented),WordPress taxonomy/archive/system path — no content equivalent on new site
/tag/زیبایی-بینی/,/tag/زیبایی-بینی/,search-console,1,18,404,,404,https://dralirezasadighi.com/tag/%D8%B2%DB%8C%D8%A8%D8%A7%DB%8C%DB%8C-%D8%A8%DB%8C%D9%86%DB%8C,404,,intentional 404 (documented),WordPress taxonomy/archive/system path — no content equivalent on new site
/جراحی-فک-دیجیتال-انقلابی-در-دقت-و-نتایج/,/جراحی-فک-دیجیتال-انقلابی-در-دقت-و-نتایج/,rank-math|search-console,1,15,404,,404,https://dralirezasadighi.com/%D8%AC%D8%B1%D8%A7%D8%AD%DB%8C-%D9%81%DA%A9-%D8%AF%DB%8C%D8%AC%DB%8C%D8%AA%D8%A7%D9%84-%D8%A7%D9%86%D9%82%D9%84%D8%A7%D8%A8%DB%8C-%D8%AF%D8%B1-%D8%AF%D9%82%D8%AA-%D9%88-%D9%86%D8%AA%D8%A7%DB%8C%D8%AC,404,/services/orthognathic-surgery,"FIXED (pending deploy): added to legacy-redirects.ts, 2026-08-26 broad audit",keyword-bucket fallback (matched: فک)
/tag/لیفت-شقیقه-بدون-بیهوشی/,/tag/لیفت-شقیقه-بدون-بیهوشی/,search-console,1,14,404,,404,https://dralirezasadighi.com/tag/%D9%84%DB%8C%D9%81%D8%AA-%D8%B4%D9%82%DB%8C%D9%82%D9%87-%D8%A8%D8%AF%D9%88%D9%86-%D8%A8%DB%8C%D9%87%D9%88%D8%B4%DB%8C,404,,intentional 404 (documented),WordPress taxonomy/archive/system path — no content equivalent on new site
/tag/ایمپلنت-دندان-اقساطی/,/tag/ایمپلنت-دندان-اقساطی/,search-console,1,12,404,,404,https://dralirezasadighi.com/tag/%D8%A7%DB%8C%D9%85%D9%BE%D9%84%D9%86%D8%AA-%D8%AF%D9%86%D8%AF%D8%A7%D9%86-%D8%A7%D9%82%D8%B3%D8%A7%D8%B7%DB%8C,404,,intentional 404 (documented),WordPress taxonomy/archive/system path — no content equivalent on new site
/tag/دندانپزشک-متخصص/,/tag/دندانپزشک-متخصص/,search-console,1,10,404,,404,https://dralirezasadighi.com/tag/%D8%AF%D9%86%D8%AF%D8%A7%D9%86%D9%BE%D8%B2%D8%B4%DA%A9-%D9%85%D8%AA%D8%AE%D8%B5%D8%B5,404,,intentional 404 (documented),WordPress taxonomy/archive/system path — no content equivalent on new site
/tag/and-expertise-of-dr-alireza-sedighi/,/tag/and-expertise-of-dr-alireza-sedighi/,search-console,1,8,404,,404,https://dralirezasadighi.com/tag/and-expertise-of-dr-alireza-sedighi,404,,intentional 404 (documented),WordPress taxonomy/archive/system path — no content equivalent on new site
/tag/تکنولوژی-دیجیتال-جراحی-فک/,/tag/تکنولوژی-دیجیتال-جراحی-فک/,search-console,1,7,404,,404,https://dralirezasadighi.com/tag/%D8%AA%DA%A9%D9%86%D9%88%D9%84%D9%88%DA%98%DB%8C-%D8%AF%DB%8C%D8%AC%DB%8C%D8%AA%D8%A7%D9%84-%D8%AC%D8%B1%D8%A7%D8%AD%DB%8C-%D9%81%DA%A9,404,,intentional 404 (documented),WordPress taxonomy/archive/system path — no content equivalent on new site
/tag/25-سوال-متداول-در-مورد-جراحی-زیبایی-بینی/,/tag/25-سوال-متداول-در-مورد-جراحی-زیبایی-بینی/,search-console,1,6,404,,404,https://dralirezasadighi.com/tag/25-%D8%B3%D9%88%D8%A7%D9%84-%D9%85%D8%AA%D8%AF%D8%A7%D9%88%D9%84-%D8%AF%D8%B1-%D9%85%D9%88%D8%B1%D8%AF-%D8%AC%D8%B1%D8%A7%D8%AD%DB%8C-%D8%B2%DB%8C%D8%A8%D8%A7%DB%8C%DB%8C-%D8%A8%DB%8C%D9%86%DB%8C,404,,intentional 404 (documented),WordPress taxonomy/archive/system path — no content equivalent on new site
/tag/راهنمای-جامع-ایمپلنت-دندان-در-تبریز/,/tag/راهنمای-جامع-ایمپلنت-دندان-در-تبریز/,search-console,1,6,404,,404,https://dralirezasadighi.com/tag/%D8%B1%D8%A7%D9%87%D9%86%D9%85%D8%A7%DB%8C-%D8%AC%D8%A7%D9%85%D8%B9-%D8%A7%DB%8C%D9%85%D9%BE%D9%84%D9%86%D8%AA-%D8%AF%D9%86%D8%AF%D8%A7%D9%86-%D8%AF%D8%B1-%D8%AA%D8%A8%D8%B1%DB%8C%D8%B2,404,,intentional 404 (documented),WordPress taxonomy/archive/system path — no content equivalent on new site
/tag/بینی-گوشتی/,/tag/بینی-گوشتی/,search-console,1,6,404,,404,https://dralirezasadighi.com/tag/%D8%A8%DB%8C%D9%86%DB%8C-%DA%AF%D9%88%D8%B4%D8%AA%DB%8C,404,,intentional 404 (documented),WordPress taxonomy/archive/system path — no content equivalent on new site
/مراقبت-های-بعد-از-عمل/مراقبت-بعد-از-جراحی-دندان-عقل/,/مراقبت-های-بعد-از-عمل/مراقبت-بعد-از-جراحی-دندان-عقل/,search-console,1,4,404,,404,https://dralirezasadighi.com/%D9%85%D8%B1%D8%A7%D9%82%D8%A8%D8%AA-%D9%87%D8%A7%DB%8C-%D8%A8%D8%B9%D8%AF-%D8%A7%D8%B2-%D8%B9%D9%85%D9%84/%D9%85%D8%B1%D8%A7%D9%82%D8%A8%D8%AA-%D8%A8%D8%B9%D8%AF-%D8%A7%D8%B2-%D8%AC%D8%B1%D8%A7%D8%AD%DB%8C-%D8%AF%D9%86%D8%AF%D8%A7%D9%86-%D8%B9%D9%82%D9%84,404,/care-instructions/wisdom-tooth-care,"FIXED (pending deploy): added to legacy-redirects.ts, 2026-08-26 broad audit",care-instructions bucket (matched: دندان-عقل)
/tag/لیفت-صورت/,/tag/لیفت-صورت/,search-console,1,4,404,,404,https://dralirezasadighi.com/tag/%D9%84%DB%8C%D9%81%D8%AA-%D8%B5%D9%88%D8%B1%D8%AA,404,,intentional 404 (documented),WordPress taxonomy/archive/system path — no content equivalent on new site
/n28-2/,/n28-2/,search-console,1,3,404,,404,https://dralirezasadighi.com/n28-2,404,,NEEDS HUMAN DECISION,"No exact knowledge-article match and no confident semantic-keyword bucket — ambiguous topic, needs Hamid's call. See title/clicks for context."
/دکتر-علیرضا-صدیقی/bini/,/دکتر-علیرضا-صدیقی/bini/,search-console,1,3,404,,404,https://dralirezasadighi.com/%D8%AF%DA%A9%D8%AA%D8%B1-%D8%B9%D9%84%DB%8C%D8%B1%D8%B6%D8%A7-%D8%B5%D8%AF%DB%8C%D9%82%DB%8C/bini,404,/about,"FIXED (pending deploy): added to legacy-redirects.ts, 2026-08-26 broad audit",keyword-bucket fallback (matched: دکتر-علیرضا-صدیقی)
/جراحی-ددان-عقل-با-بیهوشی-در-تبریز/,/جراحی-ددان-عقل-با-بیهوشی-در-تبریز/,search-console,1,1,404,,404,https://dralirezasadighi.com/%D8%AC%D8%B1%D8%A7%D8%AD%DB%8C-%D8%AF%D8%AF%D8%A7%D9%86-%D8%B9%D9%82%D9%84-%D8%A8%D8%A7-%D8%A8%DB%8C%D9%87%D9%88%D8%B4%DB%8C-%D8%AF%D8%B1-%D8%AA%D8%A8%D8%B1%DB%8C%D8%B2,404,,NEEDS HUMAN DECISION,"No exact knowledge-article match and no confident semantic-keyword bucket — ambiguous topic, needs Hamid's call. See title/clicks for context."
/جراحی-فک-پایین-عقب-رفته-بهبودی-و-نتایج/جراحی-فک-پایین-عقب-رفته/,/جراحی-فک-پایین-عقب-رفته-بهبودی-و-نتایج/جراحی-فک-پایین-عقب-رفته/,search-console,1,1,404,,404,https://dralirezasadighi.com/%D8%AC%D8%B1%D8%A7%D8%AD%DB%8C-%D9%81%DA%A9-%D9%BE%D8%A7%DB%8C%DB%8C%D9%86-%D8%B9%D9%82%D8%A8-%D8%B1%D9%81%D8%AA%D9%87-%D8%A8%D9%87%D8%A8%D9%88%D8%AF%DB%8C-%D9%88-%D9%86%D8%AA%D8%A7%DB%8C%D8%AC/%D8%AC%D8%B1%D8%A7%D8%AD%DB%8C-%D9%81%DA%A9-%D9%BE%D8%A7%DB%8C%DB%8C%D9%86-%D8%B9%D9%82%D8%A8-%D8%B1%D9%81%D8%AA%D9%87,404,/services/orthognathic-surgery,"FIXED (pending deploy): added to legacy-redirects.ts, 2026-08-26 broad audit",keyword-bucket fallback (matched: فک)
/sinos-lift-2/,/sinos-lift-2/,search-console,1,1,404,,404,https://dralirezasadighi.com/sinos-lift-2,404,/services/facial-cosmetic-surgery,"FIXED (pending deploy): added to legacy-redirects.ts, 2026-08-26 broad audit",keyword-bucket fallback (matched: lift)
/elementor-6252/,/elementor-6252/,migration-map|search-console|wordpress-inventory,0,21,404,,404,https://dralirezasadighi.com/elementor-6252,404,,NEEDS HUMAN DECISION,"No exact knowledge-article match and no confident semantic-keyword bucket — ambiguous topic, needs Hamid's call. See title/clicks for context."
/توضیحاتی-در-مورد-ایمپلنت-دیجیتال/,/توضیحاتی-در-مورد-ایمپلنت-دیجیتال/,migration-map|search-console|wordpress-inventory,0,8,404,,404,https://dralirezasadighi.com/%D8%AA%D9%88%D8%B6%DB%8C%D8%AD%D8%A7%D8%AA%DB%8C-%D8%AF%D8%B1-%D9%85%D9%88%D8%B1%D8%AF-%D8%A7%DB%8C%D9%85%D9%BE%D9%84%D9%86%D8%AA-%D8%AF%DB%8C%D8%AC%DB%8C%D8%AA%D8%A7%D9%84,404,/services/advanced-dental-implant,"FIXED (pending deploy): added to legacy-redirects.ts, 2026-08-26 broad audit",keyword-bucket fallback (matched: ایمپلنت)
/استفاده-از-تکنولوژی-دیجیتال-در-جراحی-ف/,/استفاده-از-تکنولوژی-دیجیتال-در-جراحی-ف/,migration-map|search-console|wordpress-inventory,0,94,404,,404,https://dralirezasadighi.com/%D8%A7%D8%B3%D8%AA%D9%81%D8%A7%D8%AF%D9%87-%D8%A7%D8%B2-%D8%AA%DA%A9%D9%86%D9%88%D9%84%D9%88%DA%98%DB%8C-%D8%AF%DB%8C%D8%AC%DB%8C%D8%AA%D8%A7%D9%84-%D8%AF%D8%B1-%D8%AC%D8%B1%D8%A7%D8%AD%DB%8C-%D9%81,404,,NEEDS HUMAN DECISION,"No exact knowledge-article match and no confident semantic-keyword bucket — ambiguous topic, needs Hamid's call. See title/clicks for context."
/رینوپلاستی-بینی-گوشتی/,/رینوپلاستی-بینی-گوشتی/,migration-map|search-console|wordpress-inventory,0,10,404,,404,https://dralirezasadighi.com/%D8%B1%DB%8C%D9%86%D9%88%D9%BE%D9%84%D8%A7%D8%B3%D8%AA%DB%8C-%D8%A8%DB%8C%D9%86%DB%8C-%DA%AF%D9%88%D8%B4%D8%AA%DB%8C,404,/services/rhinoplasty,"FIXED (pending deploy): added to legacy-redirects.ts, 2026-08-26 broad audit",keyword-bucket fallback (matched: بینی)
/شکاف-لب-و-کام-چیست؟/,/شکاف-لب-و-کام-چیست؟/,migration-map|search-console|wordpress-inventory,0,205,404,,404,https://dralirezasadighi.com/%D8%B4%DA%A9%D8%A7%D9%81-%D9%84%D8%A8-%D9%88-%DA%A9%D8%A7%D9%85-%DA%86%DB%8C%D8%B3%D8%AA%D8%9F,404,/services/facial-reconstruction-surgery,"FIXED (pending deploy): added to legacy-redirects.ts, 2026-08-26 broad audit",keyword-bucket fallback (matched: شکاف-لب-و-کام)
/مراقبت-بینی/,/مراقبت-بینی/,migration-map|wordpress-inventory,0,0,404,,404,https://dralirezasadighi.com/%D9%85%D8%B1%D8%A7%D9%82%D8%A8%D8%AA-%D8%A8%DB%8C%D9%86%DB%8C,404,/care-instructions/rhinoplasty-care,"FIXED (pending deploy): added to legacy-redirects.ts, 2026-08-26 broad audit",care-instructions bucket (matched: بینی)
/elementor-7929/,/elementor-7929/,migration-map|search-console|wordpress-inventory,0,74,404,,404,https://dralirezasadighi.com/elementor-7929,404,,NEEDS HUMAN DECISION,"No exact knowledge-article match and no confident semantic-keyword bucket — ambiguous topic, needs Hamid's call. See title/clicks for context."
/مراقبت-جراحی-بلفاروپلاستی-ابرو/,/مراقبت-جراحی-بلفاروپلاستی-ابرو/,migration-map|search-console|wordpress-inventory,0,60,404,,404,https://dralirezasadighi.com/%D9%85%D8%B1%D8%A7%D9%82%D8%A8%D8%AA-%D8%AC%D8%B1%D8%A7%D8%AD%DB%8C-%D8%A8%D9%84%D9%81%D8%A7%D8%B1%D9%88%D9%BE%D9%84%D8%A7%D8%B3%D8%AA%DB%8C-%D8%A7%D8%A8%D8%B1%D9%88,404,/care-instructions/blepharoplasty-care,"FIXED (pending deploy): added to legacy-redirects.ts, 2026-08-26 broad audit",care-instructions bucket (matched: بلفارو)
/بلیچینگ-دندان؛-راهی-برای-داشتن-لبخندی/,/بلیچینگ-دندان؛-راهی-برای-داشتن-لبخندی/,migration-map|wordpress-inventory,0,0,404,,404,https://dralirezasadighi.com/%D8%A8%D9%84%DB%8C%DA%86%DB%8C%D9%86%DA%AF-%D8%AF%D9%86%D8%AF%D8%A7%D9%86%D8%9B-%D8%B1%D8%A7%D9%87%DB%8C-%D8%A8%D8%B1%D8%A7%DB%8C-%D8%AF%D8%A7%D8%B4%D8%AA%D9%86-%D9%84%D8%A8%D8%AE%D9%86%D8%AF%DB%8C,404,,NEEDS HUMAN DECISION,"No exact knowledge-article match and no confident semantic-keyword bucket — ambiguous topic, needs Hamid's call. See title/clicks for context."
/کامپوزیت-دندان؛-آشنایی-با-انواع،-مزای/,/کامپوزیت-دندان؛-آشنایی-با-انواع،-مزای/,migration-map|search-console|wordpress-inventory,0,989,404,,404,https://dralirezasadighi.com/%DA%A9%D8%A7%D9%85%D9%BE%D9%88%D8%B2%DB%8C%D8%AA-%D8%AF%D9%86%D8%AF%D8%A7%D9%86%D8%9B-%D8%A2%D8%B4%D9%86%D8%A7%DB%8C%DB%8C-%D8%A8%D8%A7-%D8%A7%D9%86%D9%88%D8%A7%D8%B9%D8%8C-%D9%85%D8%B2%D8%A7%DB%8C,404,,NEEDS HUMAN DECISION,"No exact knowledge-article match and no confident semantic-keyword bucket — ambiguous topic, needs Hamid's call. See title/clicks for context."
/لمینت-دندان؛-راهکاری-نوین-در-ترمیم،-و-ز/,/لمینت-دندان؛-راهکاری-نوین-در-ترمیم،-و-ز/,migration-map|search-console|wordpress-inventory,0,1,404,,404,https://dralirezasadighi.com/%D9%84%D9%85%DB%8C%D9%86%D8%AA-%D8%AF%D9%86%D8%AF%D8%A7%D9%86%D8%9B-%D8%B1%D8%A7%D9%87%DA%A9%D8%A7%D8%B1%DB%8C-%D9%86%D9%88%DB%8C%D9%86-%D8%AF%D8%B1-%D8%AA%D8%B1%D9%85%DB%8C%D9%85%D8%8C-%D9%88-%D8%B2,404,,NEEDS HUMAN DECISION,"No exact knowledge-article match and no confident semantic-keyword bucket — ambiguous topic, needs Hamid's call. See title/clicks for context."
/همه-آنچه-باید-در-مورد-ایمپلنت-دندان-بدا/,/همه-آنچه-باید-در-مورد-ایمپلنت-دندان-بدا/,migration-map|search-console|wordpress-inventory,0,2,404,,404,https://dralirezasadighi.com/%D9%87%D9%85%D9%87-%D8%A2%D9%86%DA%86%D9%87-%D8%A8%D8%A7%DB%8C%D8%AF-%D8%AF%D8%B1-%D9%85%D9%88%D8%B1%D8%AF-%D8%A7%DB%8C%D9%85%D9%BE%D9%84%D9%86%D8%AA-%D8%AF%D9%86%D8%AF%D8%A7%D9%86-%D8%A8%D8%AF%D8%A7,404,/services/advanced-dental-implant,"FIXED (pending deploy): added to legacy-redirects.ts, 2026-08-26 broad audit",keyword-bucket fallback (matched: ایمپلنت)
/سینوس-لیفت-چیست؟/,/سینوس-لیفت-چیست؟/,migration-map|search-console|wordpress-inventory,0,1,404,,404,https://dralirezasadighi.com/%D8%B3%DB%8C%D9%86%D9%88%D8%B3-%D9%84%DB%8C%D9%81%D8%AA-%DA%86%DB%8C%D8%B3%D8%AA%D8%9F,404,/services/facial-cosmetic-surgery,"FIXED (pending deploy): added to legacy-redirects.ts, 2026-08-26 broad audit",keyword-bucket fallback (matched: لیفت)
/همه-چیز-در-مورد-رینوپلاستی/,/همه-چیز-در-مورد-رینوپلاستی/,migration-map|search-console|wordpress-inventory,0,2,404,,404,https://dralirezasadighi.com/%D9%87%D9%85%D9%87-%DA%86%DB%8C%D8%B2-%D8%AF%D8%B1-%D9%85%D9%88%D8%B1%D8%AF-%D8%B1%DB%8C%D9%86%D9%88%D9%BE%D9%84%D8%A7%D8%B3%D8%AA%DB%8C,404,/services/rhinoplasty,"FIXED (pending deploy): added to legacy-redirects.ts, 2026-08-26 broad audit",keyword-bucket fallback (matched: رینوپلاستی)
/ایمپلنت-یک-روزه/,/ایمپلنت-یک-روزه/,migration-map|search-console|wordpress-inventory,0,47,404,,404,https://dralirezasadighi.com/%D8%A7%DB%8C%D9%85%D9%BE%D9%84%D9%86%D8%AA-%DB%8C%DA%A9-%D8%B1%D9%88%D8%B2%D9%87,404,/services/advanced-dental-implant,"FIXED (pending deploy): added to legacy-redirects.ts, 2026-08-26 broad audit",keyword-bucket fallback (matched: ایمپلنت)
/پیوند-استخوان-برای-ایمپلنتهای-دندان/,/پیوند-استخوان-برای-ایمپلنتهای-دندان/,migration-map|search-console|wordpress-inventory,0,12,404,,404,https://dralirezasadighi.com/%D9%BE%DB%8C%D9%88%D9%86%D8%AF-%D8%A7%D8%B3%D8%AA%D8%AE%D9%88%D8%A7%D9%86-%D8%A8%D8%B1%D8%A7%DB%8C-%D8%A7%DB%8C%D9%85%D9%BE%D9%84%D9%86%D8%AA%D9%87%D8%A7%DB%8C-%D8%AF%D9%86%D8%AF%D8%A7%D9%86,404,/services/advanced-dental-implant,"FIXED (pending deploy): added to legacy-redirects.ts, 2026-08-26 broad audit",keyword-bucket fallback (matched: ایمپلنت)
/a-comprehensive-guide-to-treating-gummy-smile-causes-prevention-and-treatment-options/,/a-comprehensive-guide-to-treating-gummy-smile-causes-prevention-and-treatment-options/,migration-map|search-console|wordpress-inventory,0,99,404,,404,https://dralirezasadighi.com/a-comprehensive-guide-to-treating-gummy-smile-causes-prevention-and-treatment-options,404,,NEEDS HUMAN DECISION,"No exact knowledge-article match and no confident semantic-keyword bucket — ambiguous topic, needs Hamid's call. See title/clicks for context."
/why-choose-dr-alireza-sedighi-for-jaw-surgery-a-top-choice-for-precision-and-excellence/,/why-choose-dr-alireza-sedighi-for-jaw-surgery-a-top-choice-for-precision-and-excellence/,migration-map|wordpress-inventory,0,0,404,,404,https://dralirezasadighi.com/why-choose-dr-alireza-sedighi-for-jaw-surgery-a-top-choice-for-precision-and-excellence,404,/services/orthognathic-surgery,"FIXED (pending deploy): added to legacy-redirects.ts, 2026-08-26 broad audit",keyword-bucket fallback (matched: jaw)
/استفاده-از-تکنولوژی-دیجیتال-در-جراحی-ت/,/استفاده-از-تکنولوژی-دیجیتال-در-جراحی-ت/,migration-map|wordpress-inventory,0,0,404,,404,https://dralirezasadighi.com/%D8%A7%D8%B3%D8%AA%D9%81%D8%A7%D8%AF%D9%87-%D8%A7%D8%B2-%D8%AA%DA%A9%D9%86%D9%88%D9%84%D9%88%DA%98%DB%8C-%D8%AF%DB%8C%D8%AC%DB%8C%D8%AA%D8%A7%D9%84-%D8%AF%D8%B1-%D8%AC%D8%B1%D8%A7%D8%AD%DB%8C-%D8%AA,404,,NEEDS HUMAN DECISION,"No exact knowledge-article match and no confident semantic-keyword bucket — ambiguous topic, needs Hamid's call. See title/clicks for context."
/digital-technology-in-corrective-facial-asymmetry-surgery/,/digital-technology-in-corrective-facial-asymmetry-surgery/,migration-map|search-console|wordpress-inventory,0,47,404,,404,https://dralirezasadighi.com/digital-technology-in-corrective-facial-asymmetry-surgery,404,/services/facial-reconstruction-surgery,"FIXED (pending deploy): added to legacy-redirects.ts, 2026-08-26 broad audit",keyword-bucket fallback (matched: asymmetry)
/optimal-timing-for-wisdom-tooth-surgery-jaw-surgery-and-dental-implants-during-orthodontic-treatment/,/optimal-timing-for-wisdom-tooth-surgery-jaw-surgery-and-dental-implants-during-orthodontic-treatment/,migration-map|search-console|wordpress-inventory,0,129,404,,404,https://dralirezasadighi.com/optimal-timing-for-wisdom-tooth-surgery-jaw-surgery-and-dental-implants-during-orthodontic-treatment,404,/services/impacted-tooth-surgery,"FIXED (pending deploy): added to legacy-redirects.ts, 2026-08-26 broad audit",keyword-bucket fallback (matched: wisdom-tooth)
/jaw-clicking-and-tmj-disorders-causes-treatments-and-solutions/,/jaw-clicking-and-tmj-disorders-causes-treatments-and-solutions/,migration-map|search-console|wordpress-inventory,0,37,404,,404,https://dralirezasadighi.com/jaw-clicking-and-tmj-disorders-causes-treatments-and-solutions,404,/services/orthognathic-surgery,"FIXED (pending deploy): added to legacy-redirects.ts, 2026-08-26 broad audit",keyword-bucket fallback (matched: jaw)
/facial-rejuvenation-with-fillers-a-quick-and-effective-path-to-natural-beauty-in-tehran-and-tabriz/,/facial-rejuvenation-with-fillers-a-quick-and-effective-path-to-natural-beauty-in-tehran-and-tabriz/,migration-map|search-console|wordpress-inventory,0,123,404,,404,https://dralirezasadighi.com/facial-rejuvenation-with-fillers-a-quick-and-effective-path-to-natural-beauty-in-tehran-and-tabriz,404,/services/facial-cosmetic-surgery,"FIXED (pending deploy): added to legacy-redirects.ts, 2026-08-26 broad audit",keyword-bucket fallback (matched: facial)
/innovative-techniques-for-correcting-mandibular-prognathism-combining-functionality-and-aesthetics/,/innovative-techniques-for-correcting-mandibular-prognathism-combining-functionality-and-aesthetics/,migration-map|search-console|wordpress-inventory,0,52,404,,404,https://dralirezasadighi.com/innovative-techniques-for-correcting-mandibular-prognathism-combining-functionality-and-aesthetics,404,,NEEDS HUMAN DECISION,"No exact knowledge-article match and no confident semantic-keyword bucket — ambiguous topic, needs Hamid's call. See title/clicks for context."
/جراحی-جلوآمدگی-فک-پایین/,/جراحی-جلوآمدگی-فک-پایین/,migration-map|rank-math|wordpress-inventory,0,0,404,,404,https://dralirezasadighi.com/%D8%AC%D8%B1%D8%A7%D8%AD%DB%8C-%D8%AC%D9%84%D9%88%D8%A2%D9%85%D8%AF%DA%AF%DB%8C-%D9%81%DA%A9-%D9%BE%D8%A7%DB%8C%DB%8C%D9%86,404,/services/orthognathic-surgery,"FIXED (pending deploy): added to legacy-redirects.ts, 2026-08-26 broad audit",keyword-bucket fallback (matched: فک)
/comprehensive-guide-to-lower-jaw-surgery-everything-you-need-to-know/,/comprehensive-guide-to-lower-jaw-surgery-everything-you-need-to-know/,migration-map|search-console|wordpress-inventory,0,90,404,,404,https://dralirezasadighi.com/comprehensive-guide-to-lower-jaw-surgery-everything-you-need-to-know,404,/services/orthognathic-surgery,"FIXED (pending deploy): added to legacy-redirects.ts, 2026-08-26 broad audit",keyword-bucket fallback (matched: jaw)
/جراحی-فک-پایین-عقب-رفته-2/,/جراحی-فک-پایین-عقب-رفته-2/,migration-map|rank-math|wordpress-inventory,0,0,301,https://dralirezasadighi.com/knowledge/%D8%AC%D8%B1%D8%A7%D8%AD%DB%8C-%D9%81%DA%A9-%D9%BE%D8%A7%DB%8C%DB%8C%D9%86-%D8%B9%D9%82%D8%A8-%D8%B1%D9%81%D8%AA%D9%87,200,https://dralirezasadighi.com/knowledge/%D8%AC%D8%B1%D8%A7%D8%AD%DB%8C-%D9%81%DA%A9-%D9%BE%D8%A7%DB%8C%DB%8C%D9%86-%D8%B9%D9%82%D8%A8-%D8%B1%D9%81%D8%AA%D9%87,redirects_ok,/knowledge/جراحی-فک-پایین-عقب-رفته,"already redirects (pre-existing map entry, unrelated to this incident)",Not part of this incident — was already a valid legacy-redirects.ts entry before this audit.
/lower-jaw-surgery-for-receding-jaw-improving-function-and-aesthetics/,/lower-jaw-surgery-for-receding-jaw-improving-function-and-aesthetics/,migration-map|search-console|wordpress-inventory,0,363,404,,404,https://dralirezasadighi.com/lower-jaw-surgery-for-receding-jaw-improving-function-and-aesthetics,404,/services/orthognathic-surgery,"FIXED (pending deploy): added to legacy-redirects.ts, 2026-08-26 broad audit",keyword-bucket fallback (matched: jaw)
/receding-jaw-surgery-recovery-and-long-term-results/,/receding-jaw-surgery-recovery-and-long-term-results/,migration-map|search-console|wordpress-inventory,0,48,404,,404,https://dralirezasadighi.com/receding-jaw-surgery-recovery-and-long-term-results,404,/care-instructions/jaw-surgery-care,"FIXED (pending deploy): added to legacy-redirects.ts, 2026-08-26 broad audit",care-instructions bucket (matched: jaw)
/ایمپلنت-دندان-بدون-درد/,/ایمپلنت-دندان-بدون-درد/,migration-map|search-console|wordpress-inventory,0,453,404,,404,https://dralirezasadighi.com/%D8%A7%DB%8C%D9%85%D9%BE%D9%84%D9%86%D8%AA-%D8%AF%D9%86%D8%AF%D8%A7%D9%86-%D8%A8%D8%AF%D9%88%D9%86-%D8%AF%D8%B1%D8%AF,404,/services/advanced-dental-implant,"FIXED (pending deploy): added to legacy-redirects.ts, 2026-08-26 broad audit",keyword-bucket fallback (matched: ایمپلنت)
/ایمپلنت-دندان/,/ایمپلنت-دندان/,migration-map|wordpress-inventory,0,0,404,,404,https://dralirezasadighi.com/%D8%A7%DB%8C%D9%85%D9%BE%D9%84%D9%86%D8%AA-%D8%AF%D9%86%D8%AF%D8%A7%D9%86,404,/services/advanced-dental-implant,"FIXED (pending deploy): added to legacy-redirects.ts, 2026-08-26 broad audit",keyword-bucket fallback (matched: ایمپلنت)
/ایمپلنت-دندان-در-تعطیلات-عید-در-تبریز/,/ایمپلنت-دندان-در-تعطیلات-عید-در-تبریز/,migration-map|wordpress-inventory,0,0,404,,404,https://dralirezasadighi.com/%D8%A7%DB%8C%D9%85%D9%BE%D9%84%D9%86%D8%AA-%D8%AF%D9%86%D8%AF%D8%A7%D9%86-%D8%AF%D8%B1-%D8%AA%D8%B9%D8%B7%DB%8C%D9%84%D8%A7%D8%AA-%D8%B9%DB%8C%D8%AF-%D8%AF%D8%B1-%D8%AA%D8%A8%D8%B1%DB%8C%D8%B2,404,/services/advanced-dental-implant,"FIXED (pending deploy): added to legacy-redirects.ts, 2026-08-26 broad audit",keyword-bucket fallback (matched: ایمپلنت)
/ایمپلنت-دندان-چیست/,/ایمپلنت-دندان-چیست/,migration-map|search-console|wordpress-inventory,0,721,404,,404,https://dralirezasadighi.com/%D8%A7%DB%8C%D9%85%D9%BE%D9%84%D9%86%D8%AA-%D8%AF%D9%86%D8%AF%D8%A7%D9%86-%DA%86%DB%8C%D8%B3%D8%AA,404,/services/advanced-dental-implant,"FIXED (pending deploy): added to legacy-redirects.ts, 2026-08-26 broad audit",keyword-bucket fallback (matched: ایمپلنت)
/طول-عمر-ایمپلنت-دندان/,/طول-عمر-ایمپلنت-دندان/,migration-map|search-console|wordpress-inventory,0,144,404,,404,https://dralirezasadighi.com/%D8%B7%D9%88%D9%84-%D8%B9%D9%85%D8%B1-%D8%A7%DB%8C%D9%85%D9%BE%D9%84%D9%86%D8%AA-%D8%AF%D9%86%D8%AF%D8%A7%D9%86,404,/services/advanced-dental-implant,"FIXED (pending deploy): added to legacy-redirects.ts, 2026-08-26 broad audit",keyword-bucket fallback (matched: ایمپلنت)
/جراحی-بازسازی-نواقص-صورت-بازگرداندن/,/جراحی-بازسازی-نواقص-صورت-بازگرداندن/,migration-map|wordpress-inventory,0,0,404,,404,https://dralirezasadighi.com/%D8%AC%D8%B1%D8%A7%D8%AD%DB%8C-%D8%A8%D8%A7%D8%B2%D8%B3%D8%A7%D8%B2%DB%8C-%D9%86%D9%88%D8%A7%D9%82%D8%B5-%D8%B5%D9%88%D8%B1%D8%AA-%D8%A8%D8%A7%D8%B2%DA%AF%D8%B1%D8%AF%D8%A7%D9%86%D8%AF%D9%86,404,,NEEDS HUMAN DECISION,"No exact knowledge-article match and no confident semantic-keyword bucket — ambiguous topic, needs Hamid's call. See title/clicks for context."
/installment-dental-implant/,/installment-dental-implant/,migration-map|wordpress-inventory,0,0,404,,404,https://dralirezasadighi.com/installment-dental-implant,404,/services/advanced-dental-implant,"FIXED (pending deploy): added to legacy-redirects.ts, 2026-08-26 broad audit",keyword-bucket fallback (matched: implant)
/best-dental-implant-specialist/,/best-dental-implant-specialist/,migration-map|wordpress-inventory,0,0,404,,404,https://dralirezasadighi.com/best-dental-implant-specialist,404,/services/advanced-dental-implant,"FIXED (pending deploy): added to legacy-redirects.ts, 2026-08-26 broad audit",keyword-bucket fallback (matched: implant)
/implant-cost-tabriz/,/implant-cost-tabriz/,migration-map|wordpress-inventory,0,0,404,,404,https://dralirezasadighi.com/implant-cost-tabriz,404,/services/advanced-dental-implant,"FIXED (pending deploy): added to legacy-redirects.ts, 2026-08-26 broad audit",keyword-bucket fallback (matched: implant)
/genioplasty-aftercare/,/genioplasty-aftercare/,migration-map|wordpress-inventory,0,0,404,,404,https://dralirezasadighi.com/genioplasty-aftercare,404,/care-instructions/genioplasty-care,"FIXED (pending deploy): added to legacy-redirects.ts, 2026-08-26 broad audit",care-instructions bucket (matched: genioplasty)
/sinus-lift-care/,/sinus-lift-care/,migration-map|wordpress-inventory,0,0,404,,404,https://dralirezasadighi.com/sinus-lift-care,404,/care-instructions/sinus-lift-care,"FIXED (pending deploy): added to legacy-redirects.ts, 2026-08-26 broad audit",care-instructions bucket (matched: sinus)
/دکتر-علیرضا-صدیقی-2/,/دکتر-علیرضا-صدیقی-2/,migration-map|search-console|wordpress-inventory,0,29,404,,404,https://dralirezasadighi.com/%D8%AF%DA%A9%D8%AA%D8%B1-%D8%B9%D9%84%DB%8C%D8%B1%D8%B6%D8%A7-%D8%B5%D8%AF%DB%8C%D9%82%DB%8C-2,404,/about,"FIXED (pending deploy): added to legacy-redirects.ts, 2026-08-26 broad audit",keyword-bucket fallback (matched: دکتر-علیرضا-صدیقی)
/خدمات-ما/,/خدمات-ما/,migration-map|search-console|wordpress-inventory,0,93,404,,404,https://dralirezasadighi.com/%D8%AE%D8%AF%D9%85%D8%A7%D8%AA-%D9%85%D8%A7,404,/services,"FIXED (pending deploy): added to legacy-redirects.ts, 2026-08-26 broad audit",keyword-bucket fallback (matched: خدمات)
/جراحی-ایمپلنت/,/جراحی-ایمپلنت/,migration-map|search-console|wordpress-inventory,0,4,404,,404,https://dralirezasadighi.com/%D8%AC%D8%B1%D8%A7%D8%AD%DB%8C-%D8%A7%DB%8C%D9%85%D9%BE%D9%84%D9%86%D8%AA,404,/services/advanced-dental-implant,"FIXED (pending deploy): added to legacy-redirects.ts, 2026-08-26 broad audit",keyword-bucket fallback (matched: ایمپلنت)
/تازه-های-فک-و-صورت/,/تازه-های-فک-و-صورت/,migration-map|search-console|wordpress-inventory,0,11,404,,404,https://dralirezasadighi.com/%D8%AA%D8%A7%D8%B2%D9%87-%D9%87%D8%A7%DB%8C-%D9%81%DA%A9-%D9%88-%D8%B5%D9%88%D8%B1%D8%AA,404,/services/orthognathic-surgery,"FIXED (pending deploy): added to legacy-redirects.ts, 2026-08-26 broad audit",keyword-bucket fallback (matched: فک)
/جراحی-دندان-نهفته/,/جراحی-دندان-نهفته/,migration-map|search-console|wordpress-inventory,0,36,404,,404,https://dralirezasadighi.com/%D8%AC%D8%B1%D8%A7%D8%AD%DB%8C-%D8%AF%D9%86%D8%AF%D8%A7%D9%86-%D9%86%D9%87%D9%81%D8%AA%D9%87,404,,NEEDS HUMAN DECISION,"No exact knowledge-article match and no confident semantic-keyword bucket — ambiguous topic, needs Hamid's call. See title/clicks for context."
/مراقبت-های-قبل-از-جراحی/,/مراقبت-های-قبل-از-جراحی/,migration-map|wordpress-inventory,0,0,404,,404,https://dralirezasadighi.com/%D9%85%D8%B1%D8%A7%D9%82%D8%A8%D8%AA-%D9%87%D8%A7%DB%8C-%D9%82%D8%A8%D9%84-%D8%A7%D8%B2-%D8%AC%D8%B1%D8%A7%D8%AD%DB%8C,404,,NEEDS HUMAN DECISION,"No exact knowledge-article match and no confident semantic-keyword bucket — ambiguous topic, needs Hamid's call. See title/clicks for context."
/author/dralirezasadighi/,/author/dralirezasadighi/,search-console,0,190,404,,404,https://dralirezasadighi.com/author/dralirezasadighi,404,,intentional 404 (documented),WordPress taxonomy/archive/system path — no content equivalent on new site
/tag/درمان-ناهنجاری-فک/,/tag/درمان-ناهنجاری-فک/,search-console,0,177,404,,404,https://dralirezasadighi.com/tag/%D8%AF%D8%B1%D9%85%D8%A7%D9%86-%D9%86%D8%A7%D9%87%D9%86%D8%AC%D8%A7%D8%B1%DB%8C-%D9%81%DA%A9,404,,intentional 404 (documented),WordPress taxonomy/archive/system path — no content equivalent on new site
/راهنمای-جامع-جراحی-فک-پایین-جلو-آمده-هر/راهنمای-جامع-جراحی-فک-پایین-جلو-آمده-هر/,/راهنمای-جامع-جراحی-فک-پایین-جلو-آمده-هر/راهنمای-جامع-جراحی-فک-پایین-جلو-آمده-هر/,search-console,0,158,404,,404,https://dralirezasadighi.com/%D8%B1%D8%A7%D9%87%D9%86%D9%85%D8%A7%DB%8C-%D8%AC%D8%A7%D9%85%D8%B9-%D8%AC%D8%B1%D8%A7%D8%AD%DB%8C-%D9%81%DA%A9-%D9%BE%D8%A7%DB%8C%DB%8C%D9%86-%D8%AC%D9%84%D9%88-%D8%A2%D9%85%D8%AF%D9%87-%D9%87%D8%B1/%D8%B1%D8%A7%D9%87%D9%86%D9%85%D8%A7%DB%8C-%D8%AC%D8%A7%D9%85%D8%B9-%D8%AC%D8%B1%D8%A7%D8%AD%DB%8C-%D9%81%DA%A9-%D9%BE%D8%A7%DB%8C%DB%8C%D9%86-%D8%AC%D9%84%D9%88-%D8%A2%D9%85%D8%AF%D9%87-%D9%87%D8%B1,404,/services/orthognathic-surgery,"FIXED (pending deploy): added to legacy-redirects.ts, 2026-08-26 broad audit",keyword-bucket fallback (matched: فک)
/آیا-جراحی-فک-خطرناک-است؟/,/آیا-جراحی-فک-خطرناک-است؟/,rank-math|search-console,0,140,404,,404,https://dralirezasadighi.com/%D8%A2%DB%8C%D8%A7-%D8%AC%D8%B1%D8%A7%D8%AD%DB%8C-%D9%81%DA%A9-%D8%AE%D8%B7%D8%B1%D9%86%D8%A7%DA%A9-%D8%A7%D8%B3%D8%AA%D8%9F,404,/services/orthognathic-surgery,"FIXED (pending deploy): added to legacy-redirects.ts, 2026-08-26 broad audit",keyword-bucket fallback (matched: فک)
/جراحی-فک-پایین-عقب-رفته-راهی-برای-بهبود/,/جراحی-فک-پایین-عقب-رفته-راهی-برای-بهبود/,rank-math|search-console,0,133,301,https://dralirezasadighi.com/knowledge/%D8%AC%D8%B1%D8%A7%D8%AD%DB%8C-%D9%81%DA%A9-%D9%BE%D8%A7%DB%8C%DB%8C%D9%86-%D8%B9%D9%82%D8%A8-%D8%B1%D9%81%D8%AA%D9%87,200,https://dralirezasadighi.com/knowledge/%D8%AC%D8%B1%D8%A7%D8%AD%DB%8C-%D9%81%DA%A9-%D9%BE%D8%A7%DB%8C%DB%8C%D9%86-%D8%B9%D9%82%D8%A8-%D8%B1%D9%81%D8%AA%D9%87,redirects_ok,/knowledge/جراحی-فک-پایین-عقب-رفته,"already redirects (pre-existing map entry, unrelated to this incident)",Not part of this incident — was already a valid legacy-redirects.ts entry before this audit.
/blog/جراحی-فک/,/blog/جراحی-فک/,search-console,0,123,404,,404,https://dralirezasadighi.com/blog/%D8%AC%D8%B1%D8%A7%D8%AD%DB%8C-%D9%81%DA%A9,404,/services/orthognathic-surgery,"FIXED (pending deploy): added to legacy-redirects.ts, 2026-08-26 broad audit",keyword-bucket fallback (matched: فک)
/tag/رینوپلاستی/,/tag/رینوپلاستی/,search-console,0,113,404,,404,https://dralirezasadighi.com/tag/%D8%B1%DB%8C%D9%86%D9%88%D9%BE%D9%84%D8%A7%D8%B3%D8%AA%DB%8C,404,,intentional 404 (documented),WordPress taxonomy/archive/system path — no content equivalent on new site
/tag/ایمپلنت-اقساطی-در-تبریز-با-دکتر-علیرضا/,/tag/ایمپلنت-اقساطی-در-تبریز-با-دکتر-علیرضا/,search-console,0,106,404,,404,https://dralirezasadighi.com/tag/%D8%A7%DB%8C%D9%85%D9%BE%D9%84%D9%86%D8%AA-%D8%A7%D9%82%D8%B3%D8%A7%D8%B7%DB%8C-%D8%AF%D8%B1-%D8%AA%D8%A8%D8%B1%DB%8C%D8%B2-%D8%A8%D8%A7-%D8%AF%DA%A9%D8%AA%D8%B1-%D8%B9%D9%84%DB%8C%D8%B1%D8%B6%D8%A7,404,,intentional 404 (documented),WordPress taxonomy/archive/system path — no content equivalent on new site
/ایمپلنت-دندان-بدون-درد-راهی-برای-لبخند/,/ایمپلنت-دندان-بدون-درد-راهی-برای-لبخند/,rank-math|search-console,0,91,404,,404,https://dralirezasadighi.com/%D8%A7%DB%8C%D9%85%D9%BE%D9%84%D9%86%D8%AA-%D8%AF%D9%86%D8%AF%D8%A7%D9%86-%D8%A8%D8%AF%D9%88%D9%86-%D8%AF%D8%B1%D8%AF-%D8%B1%D8%A7%D9%87%DB%8C-%D8%A8%D8%B1%D8%A7%DB%8C-%D9%84%D8%A8%D8%AE%D9%86%D8%AF,404,/services/advanced-dental-implant,"FIXED (pending deploy): added to legacy-redirects.ts, 2026-08-26 broad audit",keyword-bucket fallback (matched: ایمپلنت)
/tag/درمان-فک-عقب/,/tag/درمان-فک-عقب/,search-console,0,81,404,,404,https://dralirezasadighi.com/tag/%D8%AF%D8%B1%D9%85%D8%A7%D9%86-%D9%81%DA%A9-%D8%B9%D9%82%D8%A8,404,,intentional 404 (documented),WordPress taxonomy/archive/system path — no content equivalent on new site
/en/comprehensive-guide-to-lower-jaw-surgery-everything-you-need-to-know/,/en/comprehensive-guide-to-lower-jaw-surgery-everything-you-need-to-know/,search-console,0,81,404,,404,https://dralirezasadighi.com/en/comprehensive-guide-to-lower-jaw-surgery-everything-you-need-to-know,404,/en/services/orthognathic-surgery,"FIXED (pending deploy): added to legacy-redirects.ts, 2026-08-26 broad audit",keyword-bucket fallback (matched: jaw)
/en/فک-تبریز-2/,/en/فک-تبریز-2/,search-console,0,80,404,,404,https://dralirezasadighi.com/en/%D9%81%DA%A9-%D8%AA%D8%A8%D8%B1%DB%8C%D8%B2-2,404,/en/services/orthognathic-surgery,"FIXED (pending deploy): added to legacy-redirects.ts, 2026-08-26 broad audit",keyword-bucket fallback (matched: فک)
/blog/جراحی-دندان/,/blog/جراحی-دندان/,search-console,0,77,404,,404,https://dralirezasadighi.com/blog/%D8%AC%D8%B1%D8%A7%D8%AD%DB%8C-%D8%AF%D9%86%D8%AF%D8%A7%D9%86,404,,NEEDS HUMAN DECISION,"No exact knowledge-article match and no confident semantic-keyword bucket — ambiguous topic, needs Hamid's call. See title/clicks for context."
/tag/کلینیک-زیبایی-مدرن-در-تبریز/,/tag/کلینیک-زیبایی-مدرن-در-تبریز/,search-console,0,75,404,,404,https://dralirezasadighi.com/tag/%DA%A9%D9%84%DB%8C%D9%86%DB%8C%DA%A9-%D8%B2%DB%8C%D8%A8%D8%A7%DB%8C%DB%8C-%D9%85%D8%AF%D8%B1%D9%86-%D8%AF%D8%B1-%D8%AA%D8%A8%D8%B1%DB%8C%D8%B2,404,,intentional 404 (documented),WordPress taxonomy/archive/system path — no content equivalent on new site
/blog/جراحی-دندان/جراحی-دندان-عقل/,/blog/جراحی-دندان/جراحی-دندان-عقل/,search-console,0,74,404,,404,https://dralirezasadighi.com/blog/%D8%AC%D8%B1%D8%A7%D8%AD%DB%8C-%D8%AF%D9%86%D8%AF%D8%A7%D9%86/%D8%AC%D8%B1%D8%A7%D8%AD%DB%8C-%D8%AF%D9%86%D8%AF%D8%A7%D9%86-%D8%B9%D9%82%D9%84,404,/services/impacted-tooth-surgery,"FIXED (pending deploy): added to legacy-redirects.ts, 2026-08-26 broad audit",keyword-bucket fallback (matched: دندان-عقل)
/tag/ایمپلنت-ساب-پریوستئال/,/tag/ایمپلنت-ساب-پریوستئال/,search-console,0,74,404,,404,https://dralirezasadighi.com/tag/%D8%A7%DB%8C%D9%85%D9%BE%D9%84%D9%86%D8%AA-%D8%B3%D8%A7%D8%A8-%D9%BE%D8%B1%DB%8C%D9%88%D8%B3%D8%AA%D8%A6%D8%A7%D9%84,404,,intentional 404 (documented),WordPress taxonomy/archive/system path — no content equivalent on new site
/tag/فک-جلو-آمده/,/tag/فک-جلو-آمده/,search-console,0,73,404,,404,https://dralirezasadighi.com/tag/%D9%81%DA%A9-%D8%AC%D9%84%D9%88-%D8%A2%D9%85%D8%AF%D9%87,404,,intentional 404 (documented),WordPress taxonomy/archive/system path — no content equivalent on new site
/جوانسازی-صورت-با-فیلر-راهی-سریع-و-مؤثر/,/جوانسازی-صورت-با-فیلر-راهی-سریع-و-مؤثر/,rank-math|search-console,0,71,404,,404,https://dralirezasadighi.com/%D8%AC%D9%88%D8%A7%D9%86%D8%B3%D8%A7%D8%B2%DB%8C-%D8%B5%D9%88%D8%B1%D8%AA-%D8%A8%D8%A7-%D9%81%DB%8C%D9%84%D8%B1-%D8%B1%D8%A7%D9%87%DB%8C-%D8%B3%D8%B1%DB%8C%D8%B9-%D9%88-%D9%85%D8%A4%D8%AB%D8%B1,404,/services/facial-cosmetic-surgery,"FIXED (pending deploy): added to legacy-redirects.ts, 2026-08-26 broad audit",keyword-bucket fallback (matched: فیلر)
/صفحه-اصلی/234-2/,/صفحه-اصلی/234-2/,search-console,0,69,404,,404,https://dralirezasadighi.com/%D8%B5%D9%81%D8%AD%D9%87-%D8%A7%D8%B5%D9%84%DB%8C/234-2,404,/,"FIXED (pending deploy): added to legacy-redirects.ts, 2026-08-26 broad audit",keyword-bucket fallback (matched: صفحه-اصلی)
/ایمپلنت-فوری-در-تبریز-راهکاری-سریع-و-م/ایمپلنت-فوری-در-تبریز/,/ایمپلنت-فوری-در-تبریز-راهکاری-سریع-و-م/ایمپلنت-فوری-در-تبریز/,search-console,0,64,404,,404,https://dralirezasadighi.com/%D8%A7%DB%8C%D9%85%D9%BE%D9%84%D9%86%D8%AA-%D9%81%D9%88%D8%B1%DB%8C-%D8%AF%D8%B1-%D8%AA%D8%A8%D8%B1%DB%8C%D8%B2-%D8%B1%D8%A7%D9%87%DA%A9%D8%A7%D8%B1%DB%8C-%D8%B3%D8%B1%DB%8C%D8%B9-%D9%88-%D9%85/%D8%A7%DB%8C%D9%85%D9%BE%D9%84%D9%86%D8%AA-%D9%81%D9%88%D8%B1%DB%8C-%D8%AF%D8%B1-%D8%AA%D8%A8%D8%B1%DB%8C%D8%B2,404,/services/advanced-dental-implant,"FIXED (pending deploy): added to legacy-redirects.ts, 2026-08-26 broad audit",keyword-bucket fallback (matched: ایمپلنت)
/tag/key-tips-for-successful-physiotherapy-after-jaw-surgery/,/tag/key-tips-for-successful-physiotherapy-after-jaw-surgery/,search-console,0,63,404,,404,https://dralirezasadighi.com/tag/key-tips-for-successful-physiotherapy-after-jaw-surgery,404,,intentional 404 (documented),WordPress taxonomy/archive/system path — no content equivalent on new site
/en/صفحه-اصلی/downloadfile-42-2/,/en/صفحه-اصلی/downloadfile-42-2/,search-console,0,61,404,,404,https://dralirezasadighi.com/en/%D8%B5%D9%81%D8%AD%D9%87-%D8%A7%D8%B5%D9%84%DB%8C/downloadfile-42-2,404,/en,"FIXED (pending deploy): added to legacy-redirects.ts, 2026-08-26 broad audit",keyword-bucket fallback (matched: صفحه-اصلی)
/tag/causes-of-retrognathia/,/tag/causes-of-retrognathia/,search-console,0,60,404,,404,https://dralirezasadighi.com/tag/causes-of-retrognathia,404,,intentional 404 (documented),WordPress taxonomy/archive/system path — no content equivalent on new site
/tag/ناقرینگیهای-صورت/,/tag/ناقرینگیهای-صورت/,search-console,0,50,404,,404,https://dralirezasadighi.com/tag/%D9%86%D8%A7%D9%82%D8%B1%DB%8C%D9%86%DA%AF%DB%8C%D9%87%D8%A7%DB%8C-%D8%B5%D9%88%D8%B1%D8%AA,404,,intentional 404 (documented),WordPress taxonomy/archive/system path — no content equivalent on new site
/category/blog/,/category/blog/,search-console,0,45,404,,404,https://dralirezasadighi.com/category/blog,404,,intentional 404 (documented),WordPress taxonomy/archive/system path — no content equivalent on new site
/en/,/en/,search-console,0,43,200,,200,https://dralirezasadighi.com/en,ok,,none — already resolves to a real page on production,
/tag/درمان-فک-با-لیزر/,/tag/درمان-فک-با-لیزر/,search-console,0,40,404,,404,https://dralirezasadighi.com/tag/%D8%AF%D8%B1%D9%85%D8%A7%D9%86-%D9%81%DA%A9-%D8%A8%D8%A7-%D9%84%DB%8C%D8%B2%D8%B1,404,,intentional 404 (documented),WordPress taxonomy/archive/system path — no content equivalent on new site
/چرا-دندان-عقل-درد-میکند؟-دلایل-و-راه/,/چرا-دندان-عقل-درد-میکند؟-دلایل-و-راه/,rank-math|search-console,0,39,404,,404,https://dralirezasadighi.com/%DA%86%D8%B1%D8%A7-%D8%AF%D9%86%D8%AF%D8%A7%D9%86-%D8%B9%D9%82%D9%84-%D8%AF%D8%B1%D8%AF-%D9%85%DB%8C%DA%A9%D9%86%D8%AF%D8%9F-%D8%AF%D9%84%D8%A7%DB%8C%D9%84-%D9%88-%D8%B1%D8%A7%D9%87,404,/services/impacted-tooth-surgery,"FIXED (pending deploy): added to legacy-redirects.ts, 2026-08-26 broad audit",keyword-bucket fallback (matched: دندان-عقل)
/en/tag/facial-rejuvenation-with-fillers-a-quick-and-effective-path-to-natural-beauty-in-tehran-and-tabriz/,/en/tag/facial-rejuvenation-with-fillers-a-quick-and-effective-path-to-natural-beauty-in-tehran-and-tabriz/,search-console,0,36,404,,404,https://dralirezasadighi.com/en/tag/facial-rejuvenation-with-fillers-a-quick-and-effective-path-to-natural-beauty-in-tehran-and-tabriz,404,,intentional 404 (documented),WordPress taxonomy/archive/system path — no content equivalent on new site
/en/receding-jaw-surgery-recovery-and-long-term-results/,/en/receding-jaw-surgery-recovery-and-long-term-results/,search-console,0,34,404,,404,https://dralirezasadighi.com/en/receding-jaw-surgery-recovery-and-long-term-results,404,/en/care-instructions/jaw-surgery-care,"FIXED (pending deploy): added to legacy-redirects.ts, 2026-08-26 broad audit",care-instructions bucket (matched: jaw)
/tag/بهترین-جراح-فک-و-صورت/,/tag/بهترین-جراح-فک-و-صورت/,search-console,0,34,404,,404,https://dralirezasadighi.com/tag/%D8%A8%D9%87%D8%AA%D8%B1%DB%8C%D9%86-%D8%AC%D8%B1%D8%A7%D8%AD-%D9%81%DA%A9-%D9%88-%D8%B5%D9%88%D8%B1%D8%AA,404,,intentional 404 (documented),WordPress taxonomy/archive/system path — no content equivalent on new site
/tag/کلینیک-زیبایی-مدرن-در-تهران/,/tag/کلینیک-زیبایی-مدرن-در-تهران/,search-console,0,31,404,,404,https://dralirezasadighi.com/tag/%DA%A9%D9%84%DB%8C%D9%86%DB%8C%DA%A9-%D8%B2%DB%8C%D8%A8%D8%A7%DB%8C%DB%8C-%D9%85%D8%AF%D8%B1%D9%86-%D8%AF%D8%B1-%D8%AA%D9%87%D8%B1%D8%A7%D9%86,404,,intentional 404 (documented),WordPress taxonomy/archive/system path — no content equivalent on new site
/blog/دسته-بندی-نشده/,/blog/دسته-بندی-نشده/,search-console,0,31,404,,404,https://dralirezasadighi.com/blog/%D8%AF%D8%B3%D8%AA%D9%87-%D8%A8%D9%86%D8%AF%DB%8C-%D9%86%D8%B4%D8%AF%D9%87,404,,NEEDS HUMAN DECISION,"No exact knowledge-article match and no confident semantic-keyword bucket — ambiguous topic, needs Hamid's call. See title/clicks for context."
/tag/رضایت-بیمار-از-جراحی-بینی/,/tag/رضایت-بیمار-از-جراحی-بینی/,search-console,0,30,404,,404,https://dralirezasadighi.com/tag/%D8%B1%D8%B6%D8%A7%DB%8C%D8%AA-%D8%A8%DB%8C%D9%85%D8%A7%D8%B1-%D8%A7%D8%B2-%D8%AC%D8%B1%D8%A7%D8%AD%DB%8C-%D8%A8%DB%8C%D9%86%DB%8C,404,,intentional 404 (documented),WordPress taxonomy/archive/system path — no content equivalent on new site
/tag/implant-placement-during-jaw-surgery/,/tag/implant-placement-during-jaw-surgery/,search-console,0,30,404,,404,https://dralirezasadighi.com/tag/implant-placement-during-jaw-surgery,404,,intentional 404 (documented),WordPress taxonomy/archive/system path — no content equivalent on new site
/tag/مفصل-گیجگاهی/,/tag/مفصل-گیجگاهی/,search-console,0,28,404,,404,https://dralirezasadighi.com/tag/%D9%85%D9%81%D8%B5%D9%84-%DA%AF%DB%8C%D8%AC%DA%AF%D8%A7%D9%87%DB%8C,404,,intentional 404 (documented),WordPress taxonomy/archive/system path — no content equivalent on new site
/tag/جراحی-فک-پایین-عقب-رفته-راهی-برای-بهبود/,/tag/جراحی-فک-پایین-عقب-رفته-راهی-برای-بهبود/,search-console,0,28,404,,404,https://dralirezasadighi.com/tag/%D8%AC%D8%B1%D8%A7%D8%AD%DB%8C-%D9%81%DA%A9-%D9%BE%D8%A7%DB%8C%DB%8C%D9%86-%D8%B9%D9%82%D8%A8-%D8%B1%D9%81%D8%AA%D9%87-%D8%B1%D8%A7%D9%87%DB%8C-%D8%A8%D8%B1%D8%A7%DB%8C-%D8%A8%D9%87%D8%A8%D9%88%D8%AF,404,,intentional 404 (documented),WordPress taxonomy/archive/system path — no content equivalent on new site
/دکتر-علیرضا-صدیقی/لیفت-ابرو_5/,/دکتر-علیرضا-صدیقی/لیفت-ابرو_5/,search-console,0,27,404,,404,https://dralirezasadighi.com/%D8%AF%DA%A9%D8%AA%D8%B1-%D8%B9%D9%84%DB%8C%D8%B1%D8%B6%D8%A7-%D8%B5%D8%AF%DB%8C%D9%82%DB%8C/%D9%84%DB%8C%D9%81%D8%AA-%D8%A7%D8%A8%D8%B1%D9%88_5,404,/about,"FIXED (pending deploy): added to legacy-redirects.ts, 2026-08-26 broad audit",keyword-bucket fallback (matched: دکتر-علیرضا-صدیقی)
/مقالات-2/,/مقالات-2/,search-console,0,27,404,,404,https://dralirezasadighi.com/%D9%85%D9%82%D8%A7%D9%84%D8%A7%D8%AA-2,404,/knowledge,"FIXED (pending deploy): added to legacy-redirects.ts, 2026-08-26 broad audit",keyword-bucket fallback (matched: مقالات)
/tag/جراحی-فک-ارتوگناتیک/,/tag/جراحی-فک-ارتوگناتیک/,search-console,0,25,404,,404,https://dralirezasadighi.com/tag/%D8%AC%D8%B1%D8%A7%D8%AD%DB%8C-%D9%81%DA%A9-%D8%A7%D8%B1%D8%AA%D9%88%DA%AF%D9%86%D8%A7%D8%AA%DB%8C%DA%A9,404,,intentional 404 (documented),WordPress taxonomy/archive/system path — no content equivalent on new site
/انواع-روش-های-جراحی-چانه/untitled-3/,/انواع-روش-های-جراحی-چانه/untitled-3/,search-console,0,22,404,,404,https://dralirezasadighi.com/%D8%A7%D9%86%D9%88%D8%A7%D8%B9-%D8%B1%D9%88%D8%B4-%D9%87%D8%A7%DB%8C-%D8%AC%D8%B1%D8%A7%D8%AD%DB%8C-%DA%86%D8%A7%D9%86%D9%87/untitled-3,404,/services/facial-cosmetic-surgery,"FIXED (pending deploy): added to legacy-redirects.ts, 2026-08-26 broad audit",keyword-bucket fallback (matched: چانه)
/n25-2/,/n25-2/,search-console,0,21,404,,404,https://dralirezasadighi.com/n25-2,404,,NEEDS HUMAN DECISION,"No exact knowledge-article match and no confident semantic-keyword bucket — ambiguous topic, needs Hamid's call. See title/clicks for context."
/tag/عوارض-بوتاکس/,/tag/عوارض-بوتاکس/,search-console,0,21,404,,404,https://dralirezasadighi.com/tag/%D8%B9%D9%88%D8%A7%D8%B1%D8%B6-%D8%A8%D9%88%D8%AA%D8%A7%DA%A9%D8%B3,404,,intentional 404 (documented),WordPress taxonomy/archive/system path — no content equivalent on new site
/جراحی-فک-پایین-عقب-رفته-بهبودی-و-نتایج/,/جراحی-فک-پایین-عقب-رفته-بهبودی-و-نتایج/,rank-math|search-console,0,21,301,https://dralirezasadighi.com/knowledge/%D8%AC%D8%B1%D8%A7%D8%AD%DB%8C-%D9%81%DA%A9-%D9%BE%D8%A7%DB%8C%DB%8C%D9%86-%D8%B9%D9%82%D8%A8-%D8%B1%D9%81%D8%AA%D9%87,200,https://dralirezasadighi.com/knowledge/%D8%AC%D8%B1%D8%A7%D8%AD%DB%8C-%D9%81%DA%A9-%D9%BE%D8%A7%DB%8C%DB%8C%D9%86-%D8%B9%D9%82%D8%A8-%D8%B1%D9%81%D8%AA%D9%87,redirects_ok,/knowledge/جراحی-فک-پایین-عقب-رفته,"already redirects (pre-existing map entry, unrelated to this incident)",Not part of this incident — was already a valid legacy-redirects.ts entry before this audit.
/tag/جراحی-فک-بالا/,/tag/جراحی-فک-بالا/,search-console,0,21,404,,404,https://dralirezasadighi.com/tag/%D8%AC%D8%B1%D8%A7%D8%AD%DB%8C-%D9%81%DA%A9-%D8%A8%D8%A7%D9%84%D8%A7,404,,intentional 404 (documented),WordPress taxonomy/archive/system path — no content equivalent on new site
/انواع-تزریق-چربی-میکروفت،-نانوفت-و-سای/charbi/,/انواع-تزریق-چربی-میکروفت،-نانوفت-و-سای/charbi/,search-console,0,19,404,,404,https://dralirezasadighi.com/%D8%A7%D9%86%D9%88%D8%A7%D8%B9-%D8%AA%D8%B2%D8%B1%DB%8C%D9%82-%DA%86%D8%B1%D8%A8%DB%8C-%D9%85%DB%8C%DA%A9%D8%B1%D9%88%D9%81%D8%AA%D8%8C-%D9%86%D8%A7%D9%86%D9%88%D9%81%D8%AA-%D9%88-%D8%B3%D8%A7%DB%8C/charbi,404,/services/facial-cosmetic-surgery,"FIXED (pending deploy): added to legacy-redirects.ts, 2026-08-26 broad audit",keyword-bucket fallback (matched: چربی)
/tag/25-سوال-متداول-در-مورد-جراحی-چانه-و-زاویه/,/tag/25-سوال-متداول-در-مورد-جراحی-چانه-و-زاویه/,search-console,0,17,404,,404,https://dralirezasadighi.com/tag/25-%D8%B3%D9%88%D8%A7%D9%84-%D9%85%D8%AA%D8%AF%D8%A7%D9%88%D9%84-%D8%AF%D8%B1-%D9%85%D9%88%D8%B1%D8%AF-%D8%AC%D8%B1%D8%A7%D8%AD%DB%8C-%DA%86%D8%A7%D9%86%D9%87-%D9%88-%D8%B2%D8%A7%D9%88%DB%8C%D9%87,404,,intentional 404 (documented),WordPress taxonomy/archive/system path — no content equivalent on new site
/نمونه-درمان/n13/,/نمونه-درمان/n13/,search-console,0,17,404,,404,https://dralirezasadighi.com/%D9%86%D9%85%D9%88%D9%86%D9%87-%D8%AF%D8%B1%D9%85%D8%A7%D9%86/n13,404,/before-after,"FIXED (pending deploy): added to legacy-redirects.ts, 2026-08-26 broad audit",keyword-bucket fallback (matched: نمونه-درمان)
/tag/jaw-surgery/,/tag/jaw-surgery/,search-console,0,16,404,,404,https://dralirezasadighi.com/tag/jaw-surgery,404,,intentional 404 (documented),WordPress taxonomy/archive/system path — no content equivalent on new site
/tag/retrognathia/,/tag/retrognathia/,search-console,0,16,404,,404,https://dralirezasadighi.com/tag/retrognathia,404,,intentional 404 (documented),WordPress taxonomy/archive/system path — no content equivalent on new site
/دکتر-علیرضا-صدیقی/n7_54_11zon/,/دکتر-علیرضا-صدیقی/n7_54_11zon/,search-console,0,15,404,,404,https://dralirezasadighi.com/%D8%AF%DA%A9%D8%AA%D8%B1-%D8%B9%D9%84%DB%8C%D8%B1%D8%B6%D8%A7-%D8%B5%D8%AF%DB%8C%D9%82%DB%8C/n7_54_11zon,404,/about,"FIXED (pending deploy): added to legacy-redirects.ts, 2026-08-26 broad audit",keyword-bucket fallback (matched: دکتر-علیرضا-صدیقی)
/en/receding-jaw-surgery-recovery-and-long-term-results/جراحی-فک-پایین-عقب-رفته-2/,/en/receding-jaw-surgery-recovery-and-long-term-results/جراحی-فک-پایین-عقب-رفته-2/,search-console,0,15,404,,404,https://dralirezasadighi.com/en/receding-jaw-surgery-recovery-and-long-term-results/%D8%AC%D8%B1%D8%A7%D8%AD%DB%8C-%D9%81%DA%A9-%D9%BE%D8%A7%DB%8C%DB%8C%D9%86-%D8%B9%D9%82%D8%A8-%D8%B1%D9%81%D8%AA%D9%87-2,404,/en/care-instructions/jaw-surgery-care,"FIXED (pending deploy): added to legacy-redirects.ts, 2026-08-26 broad audit",care-instructions bucket (matched: فک)
/tag/عمل-بینی،-بینی-اروپایی/,/tag/عمل-بینی،-بینی-اروپایی/,search-console,0,14,404,,404,https://dralirezasadighi.com/tag/%D8%B9%D9%85%D9%84-%D8%A8%DB%8C%D9%86%DB%8C%D8%8C-%D8%A8%DB%8C%D9%86%DB%8C-%D8%A7%D8%B1%D9%88%D9%BE%D8%A7%DB%8C%DB%8C,404,,intentional 404 (documented),WordPress taxonomy/archive/system path — no content equivalent on new site
/tag/لیفت-ابرو/,/tag/لیفت-ابرو/,search-console,0,13,404,,404,https://dralirezasadighi.com/tag/%D9%84%DB%8C%D9%81%D8%AA-%D8%A7%D8%A8%D8%B1%D9%88,404,,intentional 404 (documented),WordPress taxonomy/archive/system path — no content equivalent on new site
/جراحی-ناقرینگیهای-صورت-رویکردها-و-م/برای-غیر-قرینگی/,/جراحی-ناقرینگیهای-صورت-رویکردها-و-م/برای-غیر-قرینگی/,search-console,0,12,404,,404,https://dralirezasadighi.com/%D8%AC%D8%B1%D8%A7%D8%AD%DB%8C-%D9%86%D8%A7%D9%82%D8%B1%DB%8C%D9%86%DA%AF%DB%8C%D9%87%D8%A7%DB%8C-%D8%B5%D9%88%D8%B1%D8%AA-%D8%B1%D9%88%DB%8C%DA%A9%D8%B1%D8%AF%D9%87%D8%A7-%D9%88-%D9%85/%D8%A8%D8%B1%D8%A7%DB%8C-%D8%BA%DB%8C%D8%B1-%D9%82%D8%B1%DB%8C%D9%86%DA%AF%DB%8C,404,/services/facial-reconstruction-surgery,"FIXED (pending deploy): added to legacy-redirects.ts, 2026-08-26 broad audit",keyword-bucket fallback (matched: ناقرینگی)
/n29-2/,/n29-2/,search-console,0,11,404,,404,https://dralirezasadighi.com/n29-2,404,,NEEDS HUMAN DECISION,"No exact knowledge-article match and no confident semantic-keyword bucket — ambiguous topic, needs Hamid's call. See title/clicks for context."
/نمونه-درمان/n27/,/نمونه-درمان/n27/,search-console,0,10,404,,404,https://dralirezasadighi.com/%D9%86%D9%85%D9%88%D9%86%D9%87-%D8%AF%D8%B1%D9%85%D8%A7%D9%86/n27,404,/before-after,"FIXED (pending deploy): added to legacy-redirects.ts, 2026-08-26 broad audit",keyword-bucket fallback (matched: نمونه-درمان)
/n26-2/,/n26-2/,search-console,0,10,404,,404,https://dralirezasadighi.com/n26-2,404,,NEEDS HUMAN DECISION,"No exact knowledge-article match and no confident semantic-keyword bucket — ambiguous topic, needs Hamid's call. See title/clicks for context."
/tag/بهترین-جراح-فک-تبریز/,/tag/بهترین-جراح-فک-تبریز/,search-console,0,10,404,,404,https://dralirezasadighi.com/tag/%D8%A8%D9%87%D8%AA%D8%B1%DB%8C%D9%86-%D8%AC%D8%B1%D8%A7%D8%AD-%D9%81%DA%A9-%D8%AA%D8%A8%D8%B1%DB%8C%D8%B2,404,,intentional 404 (documented),WordPress taxonomy/archive/system path — no content equivalent on new site
/resume-karboom-qpkdna-beta-2-2/,/resume-karboom-qpkdna-beta-2-2/,search-console,0,10,404,,404,https://dralirezasadighi.com/resume-karboom-qpkdna-beta-2-2,404,,NEEDS HUMAN DECISION,"No exact knowledge-article match and no confident semantic-keyword bucket — ambiguous topic, needs Hamid's call. See title/clicks for context."
/tag/outstanding-patient-outcomes/,/tag/outstanding-patient-outcomes/,search-console,0,10,404,,404,https://dralirezasadighi.com/tag/outstanding-patient-outcomes,404,,intentional 404 (documented),WordPress taxonomy/archive/system path — no content equivalent on new site
/en/آیا-جراحی-فک-خطرناک-است؟-2/,/en/آیا-جراحی-فک-خطرناک-است؟-2/,search-console,0,10,404,,404,https://dralirezasadighi.com/en/%D8%A2%DB%8C%D8%A7-%D8%AC%D8%B1%D8%A7%D8%AD%DB%8C-%D9%81%DA%A9-%D8%AE%D8%B7%D8%B1%D9%86%D8%A7%DA%A9-%D8%A7%D8%B3%D8%AA%D8%9F-2,404,/en/services/orthognathic-surgery,"FIXED (pending deploy): added to legacy-redirects.ts, 2026-08-26 broad audit",keyword-bucket fallback (matched: فک)
/دکتر-علیرضا-صدیقی/n17_60_11zon/,/دکتر-علیرضا-صدیقی/n17_60_11zon/,search-console,0,9,404,,404,https://dralirezasadighi.com/%D8%AF%DA%A9%D8%AA%D8%B1-%D8%B9%D9%84%DB%8C%D8%B1%D8%B6%D8%A7-%D8%B5%D8%AF%DB%8C%D9%82%DB%8C/n17_60_11zon,404,/about,"FIXED (pending deploy): added to legacy-redirects.ts, 2026-08-26 broad audit",keyword-bucket fallback (matched: دکتر-علیرضا-صدیقی)
/tag/یوند-استخوان/,/tag/یوند-استخوان/,search-console,0,9,404,,404,https://dralirezasadighi.com/tag/%DB%8C%D9%88%D9%86%D8%AF-%D8%A7%D8%B3%D8%AA%D8%AE%D9%88%D8%A7%D9%86,404,,intentional 404 (documented),WordPress taxonomy/archive/system path — no content equivalent on new site
/tag/پروتز-گونه/,/tag/پروتز-گونه/,search-console,0,9,404,,404,https://dralirezasadighi.com/tag/%D9%BE%D8%B1%D9%88%D8%AA%D8%B2-%DA%AF%D9%88%D9%86%D9%87,404,,intentional 404 (documented),WordPress taxonomy/archive/system path — no content equivalent on new site
/blog/جراحی-زیبایی/تزریق-چربی/,/blog/جراحی-زیبایی/تزریق-چربی/,search-console,0,8,404,,404,https://dralirezasadighi.com/blog/%D8%AC%D8%B1%D8%A7%D8%AD%DB%8C-%D8%B2%DB%8C%D8%A8%D8%A7%DB%8C%DB%8C/%D8%AA%D8%B2%D8%B1%DB%8C%D9%82-%DA%86%D8%B1%D8%A8%DB%8C,404,/services/facial-cosmetic-surgery,"FIXED (pending deploy): added to legacy-redirects.ts, 2026-08-26 broad audit",keyword-bucket fallback (matched: چربی)
/charbi-2/,/charbi-2/,search-console,0,8,404,,404,https://dralirezasadighi.com/charbi-2,404,,NEEDS HUMAN DECISION,"No exact knowledge-article match and no confident semantic-keyword bucket — ambiguous topic, needs Hamid's call. See title/clicks for context."
/آیا-جراحی-فک-خطرناک-است؟/آیا-جراحی-فک-خطرناک-است؟/,/آیا-جراحی-فک-خطرناک-است؟/آیا-جراحی-فک-خطرناک-است؟/,search-console,0,8,404,,404,https://dralirezasadighi.com/%D8%A2%DB%8C%D8%A7-%D8%AC%D8%B1%D8%A7%D8%AD%DB%8C-%D9%81%DA%A9-%D8%AE%D8%B7%D8%B1%D9%86%D8%A7%DA%A9-%D8%A7%D8%B3%D8%AA%D8%9F/%D8%A2%DB%8C%D8%A7-%D8%AC%D8%B1%D8%A7%D8%AD%DB%8C-%D9%81%DA%A9-%D8%AE%D8%B7%D8%B1%D9%86%D8%A7%DA%A9-%D8%A7%D8%B3%D8%AA%D8%9F,404,/services/orthognathic-surgery,"FIXED (pending deploy): added to legacy-redirects.ts, 2026-08-26 broad audit",keyword-bucket fallback (matched: فک)
/n17-2/,/n17-2/,search-console,0,7,404,,404,https://dralirezasadighi.com/n17-2,404,,NEEDS HUMAN DECISION,"No exact knowledge-article match and no confident semantic-keyword bucket — ambiguous topic, needs Hamid's call. See title/clicks for context."
/دکتر-علیرضا-صدیقی/cas/,/دکتر-علیرضا-صدیقی/cas/,search-console,0,7,404,,404,https://dralirezasadighi.com/%D8%AF%DA%A9%D8%AA%D8%B1-%D8%B9%D9%84%DB%8C%D8%B1%D8%B6%D8%A7-%D8%B5%D8%AF%DB%8C%D9%82%DB%8C/cas,404,/about,"FIXED (pending deploy): added to legacy-redirects.ts, 2026-08-26 broad audit",keyword-bucket fallback (matched: دکتر-علیرضا-صدیقی)
/tag/انواع-روش-های-افزایش-حجم-گونه/,/tag/انواع-روش-های-افزایش-حجم-گونه/,search-console,0,7,404,,404,https://dralirezasadighi.com/tag/%D8%A7%D9%86%D9%88%D8%A7%D8%B9-%D8%B1%D9%88%D8%B4-%D9%87%D8%A7%DB%8C-%D8%A7%D9%81%D8%B2%D8%A7%DB%8C%D8%B4-%D8%AD%D8%AC%D9%85-%DA%AF%D9%88%D9%86%D9%87,404,,intentional 404 (documented),WordPress taxonomy/archive/system path — no content equivalent on new site
/tag/اصلاح-جلوآمدگی-فک/,/tag/اصلاح-جلوآمدگی-فک/,search-console,0,7,404,,404,https://dralirezasadighi.com/tag/%D8%A7%D8%B5%D9%84%D8%A7%D8%AD-%D8%AC%D9%84%D9%88%D8%A2%D9%85%D8%AF%DA%AF%DB%8C-%D9%81%DA%A9,404,,intentional 404 (documented),WordPress taxonomy/archive/system path — no content equivalent on new site
/tag/جراحی-فک-پایین-جلو-آمده/,/tag/جراحی-فک-پایین-جلو-آمده/,search-console,0,7,404,,404,https://dralirezasadighi.com/tag/%D8%AC%D8%B1%D8%A7%D8%AD%DB%8C-%D9%81%DA%A9-%D9%BE%D8%A7%DB%8C%DB%8C%D9%86-%D8%AC%D9%84%D9%88-%D8%A2%D9%85%D8%AF%D9%87,404,,intentional 404 (documented),WordPress taxonomy/archive/system path — no content equivalent on new site
/en/p2e3-2/,/en/p2e3-2/,search-console,0,6,404,,404,https://dralirezasadighi.com/en/p2e3-2,404,,NEEDS HUMAN DECISION,"No exact knowledge-article match and no confident semantic-keyword bucket — ambiguous topic, needs Hamid's call. See title/clicks for context."
/en/rezayat2-2/,/en/rezayat2-2/,search-console,0,6,404,,404,https://dralirezasadighi.com/en/rezayat2-2,404,,NEEDS HUMAN DECISION,"No exact knowledge-article match and no confident semantic-keyword bucket — ambiguous topic, needs Hamid's call. See title/clicks for context."
/tag/سینوس-لیفت-تخصصی/,/tag/سینوس-لیفت-تخصصی/,search-console,0,6,404,,404,https://dralirezasadighi.com/tag/%D8%B3%DB%8C%D9%86%D9%88%D8%B3-%D9%84%DB%8C%D9%81%D8%AA-%D8%AA%D8%AE%D8%B5%D8%B5%DB%8C,404,,intentional 404 (documented),WordPress taxonomy/archive/system path — no content equivalent on new site
/ایمپلنت-دیجیتال-تحولی-نوین-در-دندان/,/ایمپلنت-دیجیتال-تحولی-نوین-در-دندان/,rank-math|search-console,0,6,404,,404,https://dralirezasadighi.com/%D8%A7%DB%8C%D9%85%D9%BE%D9%84%D9%86%D8%AA-%D8%AF%DB%8C%D8%AC%DB%8C%D8%AA%D8%A7%D9%84-%D8%AA%D8%AD%D9%88%D9%84%DB%8C-%D9%86%D9%88%DB%8C%D9%86-%D8%AF%D8%B1-%D8%AF%D9%86%D8%AF%D8%A7%D9%86,404,/services/advanced-dental-implant,"FIXED (pending deploy): added to legacy-redirects.ts, 2026-08-26 broad audit",keyword-bucket fallback (matched: ایمپلنت)
/tag/dr-alireza-sedighi/,/tag/dr-alireza-sedighi/,search-console,0,6,404,,404,https://dralirezasadighi.com/tag/dr-alireza-sedighi,404,,intentional 404 (documented),WordPress taxonomy/archive/system path — no content equivalent on new site
/en/n26-2/,/en/n26-2/,search-console,0,6,404,,404,https://dralirezasadighi.com/en/n26-2,404,,NEEDS HUMAN DECISION,"No exact knowledge-article match and no confident semantic-keyword bucket — ambiguous topic, needs Hamid's call. See title/clicks for context."
/دکتر-علیرضا-صدیقی/23_6_11zon/,/دکتر-علیرضا-صدیقی/23_6_11zon/,search-console,0,5,301,https://dralirezasadighi.com/,200,https://dralirezasadighi.com/,redirects_ok,,none — already resolves to a real page on production,
/en/tag/dr-alireza-sadighi/,/en/tag/dr-alireza-sadighi/,search-console,0,5,404,,404,https://dralirezasadighi.com/en/tag/dr-alireza-sadighi,404,,intentional 404 (documented),WordPress taxonomy/archive/system path — no content equivalent on new site
/tag/cas-چیست-و-کاربرد-های-آن/,/tag/cas-چیست-و-کاربرد-های-آن/,search-console,0,5,301,https://dralirezasadighi.com/tag/cas-%DA%86%DB%8C%D8%B3%D8%AA-%D9%88-%DA%A9%D8%A7%D8%B1%D8%A8%D8%B1%D8%AF-%D9%87%D8%A7%DB%8C-%D8%A2%D9%86/,200,https://dralirezasadighi.com/tag/cas-%DA%86%DB%8C%D8%B3%D8%AA-%D9%88-%DA%A9%D8%A7%D8%B1%D8%A8%D8%B1%D8%AF-%D9%87%D8%A7%DB%8C-%D8%A2%D9%86/,redirects_ok,,none — already resolves to a real page on production,
/tag/استفاده-از-تکنولوژی-دیجیتال-در-جراحی-ف/,/tag/استفاده-از-تکنولوژی-دیجیتال-در-جراحی-ف/,search-console,0,5,301,https://dralirezasadighi.com/tag/%D8%A7%D8%B3%D8%AA%D9%81%D8%A7%D8%AF%D9%87-%D8%A7%D8%B2-%D8%AA%DA%A9%D9%86%D9%88%D9%84%D9%88%DA%98%DB%8C-%D8%AF%DB%8C%D8%AC%DB%8C%D8%AA%D8%A7%D9%84-%D8%AF%D8%B1-%D8%AC%D8%B1%D8%A7%D8%AD%DB%8C-%D9%81/,200,https://dralirezasadighi.com/tag/%D8%A7%D8%B3%D8%AA%D9%81%D8%A7%D8%AF%D9%87-%D8%A7%D8%B2-%D8%AA%DA%A9%D9%86%D9%88%D9%84%D9%88%DA%98%DB%8C-%D8%AF%DB%8C%D8%AC%DB%8C%D8%AA%D8%A7%D9%84-%D8%AF%D8%B1-%D8%AC%D8%B1%D8%A7%D8%AD%DB%8C-%D9%81/,redirects_ok,,none — already resolves to a real page on production,
/ایمپلنت-دیجیتال-تحولی-نوین-در-دندان/ایمپلنت-دیجیتال-تحولی-نوین-در-دندانپ/,/ایمپلنت-دیجیتال-تحولی-نوین-در-دندان/ایمپلنت-دیجیتال-تحولی-نوین-در-دندانپ/,search-console,0,4,301,https://dralirezasadighi.com/%d8%a7%db%8c%d9%85%d9%be%d9%84%d9%86%d8%aa-%d8%af%db%8c%d8%ac%db%8c%d8%aa%d8%a7%d9%84/,200,https://dralirezasadighi.com/%d8%a7%db%8c%d9%85%d9%be%d9%84%d9%86%d8%aa-%d8%af%db%8c%d8%ac%db%8c%d8%aa%d8%a7%d9%84/,redirects_ok,,none — already resolves to a real page on production,
/برای-غیر-قرینگی1-2/,/برای-غیر-قرینگی1-2/,search-console,0,4,301,https://dralirezasadighi.com,200,https://dralirezasadighi.com,redirects_ok,,none — already resolves to a real page on production,
/tag/هزینه-جراحی-دندان-عقل/,/tag/هزینه-جراحی-دندان-عقل/,search-console,0,4,301,https://dralirezasadighi.com/tag/%D9%87%D8%B2%DB%8C%D9%86%D9%87-%D8%AC%D8%B1%D8%A7%D8%AD%DB%8C-%D8%AF%D9%86%D8%AF%D8%A7%D9%86-%D8%B9%D9%82%D9%84/,200,https://dralirezasadighi.com/tag/%D9%87%D8%B2%DB%8C%D9%86%D9%87-%D8%AC%D8%B1%D8%A7%D8%AD%DB%8C-%D8%AF%D9%86%D8%AF%D8%A7%D9%86-%D8%B9%D9%82%D9%84/,redirects_ok,,none — already resolves to a real page on production,
/snapshot_792-2/,/snapshot_792-2/,search-console,0,4,301,https://dralirezasadighi.com,200,https://dralirezasadighi.com,redirects_ok,,none — already resolves to a real page on production,
/tag/رضایت-بیمار-از-جراحی-فک-بالا-و-پایین/,/tag/رضایت-بیمار-از-جراحی-فک-بالا-و-پایین/,search-console,0,4,301,https://dralirezasadighi.com/tag/%D8%B1%D8%B6%D8%A7%DB%8C%D8%AA-%D8%A8%DB%8C%D9%85%D8%A7%D8%B1-%D8%A7%D8%B2-%D8%AC%D8%B1%D8%A7%D8%AD%DB%8C-%D9%81%DA%A9-%D8%A8%D8%A7%D9%84%D8%A7-%D9%88-%D9%BE%D8%A7%DB%8C%DB%8C%D9%86/,200,https://dralirezasadighi.com/tag/%D8%B1%D8%B6%D8%A7%DB%8C%D8%AA-%D8%A8%DB%8C%D9%85%D8%A7%D8%B1-%D8%A7%D8%B2-%D8%AC%D8%B1%D8%A7%D8%AD%DB%8C-%D9%81%DA%A9-%D8%A8%D8%A7%D9%84%D8%A7-%D9%88-%D9%BE%D8%A7%DB%8C%DB%8C%D9%86/,redirects_ok,,none — already resolves to a real page on production,
/دکتر-علیرضا-صدیقی/my-video-1/,/دکتر-علیرضا-صدیقی/my-video-1/,search-console,0,4,301,https://dralirezasadighi.com/,200,https://dralirezasadighi.com/,redirects_ok,,none — already resolves to a real page on production,
/en/صفحه-اصلی/1-5-2/,/en/صفحه-اصلی/1-5-2/,search-console,0,4,404,,404,https://dralirezasadighi.com/en/%D8%B5%D9%81%D8%AD%D9%87-%D8%A7%D8%B5%D9%84%DB%8C/1-5-2,404,/en,"FIXED (pending deploy): added to legacy-redirects.ts, 2026-08-26 broad audit",keyword-bucket fallback (matched: صفحه-اصلی)
/tag/ارتودنسی-قبل-از-جراحی/,/tag/ارتودنسی-قبل-از-جراحی/,search-console,0,4,301,https://dralirezasadighi.com/tag/%D8%A7%D8%B1%D8%AA%D9%88%D8%AF%D9%86%D8%B3%DB%8C-%D9%82%D8%A8%D9%84-%D8%A7%D8%B2-%D8%AC%D8%B1%D8%A7%D8%AD%DB%8C/,200,https://dralirezasadighi.com/tag/%D8%A7%D8%B1%D8%AA%D9%88%D8%AF%D9%86%D8%B3%DB%8C-%D9%82%D8%A8%D9%84-%D8%A7%D8%B2-%D8%AC%D8%B1%D8%A7%D8%AD%DB%8C/,redirects_ok,,none — already resolves to a real page on production,
/tag/ایمپلنت-اقساطی/,/tag/ایمپلنت-اقساطی/,search-console,0,4,301,https://dralirezasadighi.com/tag/%D8%A7%DB%8C%D9%85%D9%BE%D9%84%D9%86%D8%AA-%D8%A7%D9%82%D8%B3%D8%A7%D8%B7%DB%8C/,200,https://dralirezasadighi.com/tag/%D8%A7%DB%8C%D9%85%D9%BE%D9%84%D9%86%D8%AA-%D8%A7%D9%82%D8%B3%D8%A7%D8%B7%DB%8C/,redirects_ok,,none — already resolves to a real page on production,
/tag/cosmetic-clinics/,/tag/cosmetic-clinics/,search-console,0,4,301,https://dralirezasadighi.com/tag/cosmetic-clinics/,200,https://dralirezasadighi.com/tag/cosmetic-clinics/,redirects_ok,,none — already resolves to a real page on production,
/tag/جوانسازی-صورت-با-فیلر-راهی-سریع-و-مؤثر/,/tag/جوانسازی-صورت-با-فیلر-راهی-سریع-و-مؤثر/,search-console,0,4,301,https://dralirezasadighi.com/tag/%D8%AC%D9%88%D8%A7%D9%86%D8%B3%D8%A7%D8%B2%DB%8C-%D8%B5%D9%88%D8%B1%D8%AA-%D8%A8%D8%A7-%D9%81%DB%8C%D9%84%D8%B1-%D8%B1%D8%A7%D9%87%DB%8C-%D8%B3%D8%B1%DB%8C%D8%B9-%D9%88-%D9%85%D8%A4%D8%AB%D8%B1/,200,https://dralirezasadighi.com/tag/%D8%AC%D9%88%D8%A7%D9%86%D8%B3%D8%A7%D8%B2%DB%8C-%D8%B5%D9%88%D8%B1%D8%AA-%D8%A8%D8%A7-%D9%81%DB%8C%D9%84%D8%B1-%D8%B1%D8%A7%D9%87%DB%8C-%D8%B3%D8%B1%DB%8C%D8%B9-%D9%88-%D9%85%D8%A4%D8%AB%D8%B1/,redirects_ok,,none — already resolves to a real page on production,
/en/صفحه-اصلی/doctor-holding-dentist-2/,/en/صفحه-اصلی/doctor-holding-dentist-2/,search-console,0,4,404,,404,https://dralirezasadighi.com/en/%D8%B5%D9%81%D8%AD%D9%87-%D8%A7%D8%B5%D9%84%DB%8C/doctor-holding-dentist-2,404,/en,"FIXED (pending deploy): added to legacy-redirects.ts, 2026-08-26 broad audit",keyword-bucket fallback (matched: صفحه-اصلی)
/en/default_a_closeup_macro_photograph_of_a_single_extracted_wisdo_0-2/,/en/default_a_closeup_macro_photograph_of_a_single_extracted_wisdo_0-2/,search-console,0,4,301,https://dralirezasadighi.com,200,https://dralirezasadighi.com,redirects_ok,,none — already resolves to a real page on production,
/25-frequently-asked10-2/,/25-frequently-asked10-2/,search-console,0,4,301,https://dralirezasadighi.com,200,https://dralirezasadighi.com,redirects_ok,,none — already resolves to a real page on production,
/tag/افزایش-حجم-گونه/,/tag/افزایش-حجم-گونه/,search-console,0,4,301,https://dralirezasadighi.com/tag/%D8%A7%D9%81%D8%B2%D8%A7%DB%8C%D8%B4-%D8%AD%D8%AC%D9%85-%DA%AF%D9%88%D9%86%D9%87/,200,https://dralirezasadighi.com/tag/%D8%A7%D9%81%D8%B2%D8%A7%DB%8C%D8%B4-%D8%AD%D8%AC%D9%85-%DA%AF%D9%88%D9%86%D9%87/,redirects_ok,,none — already resolves to a real page on production,
/wp-content/uploads/2024/12/فک-پایین-عقب‌رفته-چیست؟-دلایل،-علائم-و-اهمیت-درمان-آن.jpg.webp/,/wp-content/uploads/2024/12/فک-پایین-عقب‌رفته-چیست؟-دلایل،-علائم-و-اهمیت-درمان-آن.jpg.webp/,search-console,0,4,200,,200,https://dralirezasadighi.com/wp-content/uploads/2024/12/%D9%81%DA%A9-%D9%BE%D8%A7%DB%8C%DB%8C%D9%86-%D8%B9%D9%82%D8%A8%E2%80%8C%D8%B1%D9%81%D8%AA%D9%87-%DA%86%DB%8C%D8%B3%D8%AA%D8%9F-%D8%AF%D9%84%D8%A7%DB%8C%D9%84%D8%8C-%D8%B9%D9%84%D8%A7%D8%A6%D9%85-%D9%88-%D8%A7%D9%87%D9%85%DB%8C%D8%AA-%D8%AF%D8%B1%D9%85%D8%A7%D9%86-%D8%A2%D9%86.jpg.webp,ok,,none — already resolves to a real page on production,
/en/dall·e-2024-10-26-21-09-10-create-a-high-quality-square-advertisement-image-for-straumann-dental-implants-the-image-should-focus-on-the-dental-implant-process-highlighting-a-c-2/,/en/dall·e-2024-10-26-21-09-10-create-a-high-quality-square-advertisement-image-for-straumann-dental-implants-the-image-should-focus-on-the-dental-implant-process-highlighting-a-c-2/,search-console,0,4,301,https://dralirezasadighi.com,200,https://dralirezasadighi.com,redirects_ok,,none — already resolves to a real page on production,
/tag/انواع-جراحی-فک/,/tag/انواع-جراحی-فک/,search-console,0,4,301,https://dralirezasadighi.com/tag/%D8%A7%D9%86%D9%88%D8%A7%D8%B9-%D8%AC%D8%B1%D8%A7%D8%AD%DB%8C-%D9%81%DA%A9/,200,https://dralirezasadighi.com/tag/%D8%A7%D9%86%D9%88%D8%A7%D8%B9-%D8%AC%D8%B1%D8%A7%D8%AD%DB%8C-%D9%81%DA%A9/,redirects_ok,,none — already resolves to a real page on production,
/tag/کاشت-دندان-اقساطی-تبریز/,/tag/کاشت-دندان-اقساطی-تبریز/,search-console,0,4,301,https://dralirezasadighi.com/tag/%DA%A9%D8%A7%D8%B4%D8%AA-%D8%AF%D9%86%D8%AF%D8%A7%D9%86-%D8%A7%D9%82%D8%B3%D8%A7%D8%B7%DB%8C-%D8%AA%D8%A8%D8%B1%DB%8C%D8%B2/,200,https://dralirezasadighi.com/tag/%DA%A9%D8%A7%D8%B4%D8%AA-%D8%AF%D9%86%D8%AF%D8%A7%D9%86-%D8%A7%D9%82%D8%B3%D8%A7%D8%B7%DB%8C-%D8%AA%D8%A8%D8%B1%DB%8C%D8%B2/,redirects_ok,,none — already resolves to a real page on production,
/صفحه-اصلی/324-2/,/صفحه-اصلی/324-2/,search-console,0,4,301,https://dralirezasadighi.com/%d8%b5%d9%81%d8%ad%d9%87-%d8%a7%d8%b5%d9%84%db%8c/,200,https://dralirezasadighi.com/%d8%b5%d9%81%d8%ad%d9%87-%d8%a7%d8%b5%d9%84%db%8c/,redirects_ok,,none — already resolves to a real page on production,
/شش3-2/,/شش3-2/,search-console,0,3,301,https://dralirezasadighi.com,200,https://dralirezasadighi.com,redirects_ok,,none — already resolves to a real page on production,
/ایمپلنت-دندان-راهکاری-برای-بازگرداند/,/ایمپلنت-دندان-راهکاری-برای-بازگرداند/,rank-math|search-console,0,3,301,https://dralirezasadighi.com/%d8%a7%db%8c%d9%85%d9%be%d9%84%d9%86%d8%aa-%d8%af%d9%86%d8%af%d8%a7%d9%86/,200,https://dralirezasadighi.com/%d8%a7%db%8c%d9%85%d9%be%d9%84%d9%86%d8%aa-%d8%af%d9%86%d8%af%d8%a7%d9%86/,redirects_ok,,none — already resolves to a real page on production,
/en/برای-غیر-قرینگی1-2/,/en/برای-غیر-قرینگی1-2/,search-console,0,3,301,https://dralirezasadighi.com,200,https://dralirezasadighi.com,redirects_ok,,none — already resolves to a real page on production,
/en/snapshot_792-2/,/en/snapshot_792-2/,search-console,0,3,404,,404,https://dralirezasadighi.com/en/snapshot_792-2,404,,NEEDS HUMAN DECISION,"No exact knowledge-article match and no confident semantic-keyword bucket — ambiguous topic, needs Hamid's call. See title/clicks for context."
/دکتر-علیرضا-صدیقی/goz-kapagi-estetigi/,/دکتر-علیرضا-صدیقی/goz-kapagi-estetigi/,search-console,0,3,404,,404,https://dralirezasadighi.com/%D8%AF%DA%A9%D8%AA%D8%B1-%D8%B9%D9%84%DB%8C%D8%B1%D8%B6%D8%A7-%D8%B5%D8%AF%DB%8C%D9%82%DB%8C/goz-kapagi-estetigi,404,/about,"FIXED (pending deploy): added to legacy-redirects.ts, 2026-08-26 broad audit",keyword-bucket fallback (matched: دکتر-علیرضا-صدیقی)
/en/rezayat1-2/,/en/rezayat1-2/,search-console,0,3,404,,404,https://dralirezasadighi.com/en/rezayat1-2,404,,NEEDS HUMAN DECISION,"No exact knowledge-article match and no confident semantic-keyword bucket — ambiguous topic, needs Hamid's call. See title/clicks for context."
/تفاوت-جراحی-دندان-عقل-با-کشیدن-ساده/تفاوت-جراحی-دندان-عقل-با-کشیدن-ساده/,/تفاوت-جراحی-دندان-عقل-با-کشیدن-ساده/تفاوت-جراحی-دندان-عقل-با-کشیدن-ساده/,search-console,0,3,404,,404,https://dralirezasadighi.com/%D8%AA%D9%81%D8%A7%D9%88%D8%AA-%D8%AC%D8%B1%D8%A7%D8%AD%DB%8C-%D8%AF%D9%86%D8%AF%D8%A7%D9%86-%D8%B9%D9%82%D9%84-%D8%A8%D8%A7-%DA%A9%D8%B4%DB%8C%D8%AF%D9%86-%D8%B3%D8%A7%D8%AF%D9%87/%D8%AA%D9%81%D8%A7%D9%88%D8%AA-%D8%AC%D8%B1%D8%A7%D8%AD%DB%8C-%D8%AF%D9%86%D8%AF%D8%A7%D9%86-%D8%B9%D9%82%D9%84-%D8%A8%D8%A7-%DA%A9%D8%B4%DB%8C%D8%AF%D9%86-%D8%B3%D8%A7%D8%AF%D9%87,404,/services/impacted-tooth-surgery,"FIXED (pending deploy): added to legacy-redirects.ts, 2026-08-26 broad audit",keyword-bucket fallback (matched: دندان-عقل)
/en/lower-jaw-surgery-for-receding-jaw-improving-function-and-aesthetics/جراحی-فک-پایین-عقب-رفته-راهی-برای-بهبود/,/en/lower-jaw-surgery-for-receding-jaw-improving-function-and-aesthetics/جراحی-فک-پایین-عقب-رفته-راهی-برای-بهبود/,search-console,0,3,404,,404,https://dralirezasadighi.com/en/lower-jaw-surgery-for-receding-jaw-improving-function-and-aesthetics/%D8%AC%D8%B1%D8%A7%D8%AD%DB%8C-%D9%81%DA%A9-%D9%BE%D8%A7%DB%8C%DB%8C%D9%86-%D8%B9%D9%82%D8%A8-%D8%B1%D9%81%D8%AA%D9%87-%D8%B1%D8%A7%D9%87%DB%8C-%D8%A8%D8%B1%D8%A7%DB%8C-%D8%A8%D9%87%D8%A8%D9%88%D8%AF,404,/en/services/orthognathic-surgery,"FIXED (pending deploy): added to legacy-redirects.ts, 2026-08-26 broad audit",keyword-bucket fallback (matched: فک)
/tag/جراحی-لیفت-ابرو/,/tag/جراحی-لیفت-ابرو/,search-console,0,3,404,,404,https://dralirezasadighi.com/tag/%D8%AC%D8%B1%D8%A7%D8%AD%DB%8C-%D9%84%DB%8C%D9%81%D8%AA-%D8%A7%D8%A8%D8%B1%D9%88,404,,intentional 404 (documented),WordPress taxonomy/archive/system path — no content equivalent on new site
/جراحی-زیبایی-دندان/,/جراحی-زیبایی-دندان/,search-console,0,3,404,,404,https://dralirezasadighi.com/%D8%AC%D8%B1%D8%A7%D8%AD%DB%8C-%D8%B2%DB%8C%D8%A8%D8%A7%DB%8C%DB%8C-%D8%AF%D9%86%D8%AF%D8%A7%D9%86,404,,NEEDS HUMAN DECISION,"No exact knowledge-article match and no confident semantic-keyword bucket — ambiguous topic, needs Hamid's call. See title/clicks for context."
/dall·e-2024-11-20-01-14-58-a-clean-and-visually-appealing-illustration-about-wisdom-teeth-showing-the-anatomy-of-the-jaw-and-the-position-of-wisdom-teeth-without-any-text-or-lo-2/,/dall·e-2024-11-20-01-14-58-a-clean-and-visually-appealing-illustration-about-wisdom-teeth-showing-the-anatomy-of-the-jaw-and-the-position-of-wisdom-teeth-without-any-text-or-lo-2/,search-console,0,3,404,,404,https://dralirezasadighi.com/dall%C2%B7e-2024-11-20-01-14-58-a-clean-and-visually-appealing-illustration-about-wisdom-teeth-showing-the-anatomy-of-the-jaw-and-the-position-of-wisdom-teeth-without-any-text-or-lo-2,404,/about,"FIXED (pending deploy): added to legacy-redirects.ts, 2026-08-26 broad audit",keyword-bucket fallback (matched: about)
/tag/بهترین-دندانپزشک-ایمپلنت-تبریز/,/tag/بهترین-دندانپزشک-ایمپلنت-تبریز/,search-console,0,3,404,,404,https://dralirezasadighi.com/tag/%D8%A8%D9%87%D8%AA%D8%B1%DB%8C%D9%86-%D8%AF%D9%86%D8%AF%D8%A7%D9%86%D9%BE%D8%B2%D8%B4%DA%A9-%D8%A7%DB%8C%D9%85%D9%BE%D9%84%D9%86%D8%AA-%D8%AA%D8%A8%D8%B1%DB%8C%D8%B2,404,,intentional 404 (documented),WordPress taxonomy/archive/system path — no content equivalent on new site
/tag/کلینیک-دندانپزشکی-دکتر-علیرضا-صدیقی/,/tag/کلینیک-دندانپزشکی-دکتر-علیرضا-صدیقی/,search-console,0,3,404,,404,https://dralirezasadighi.com/tag/%DA%A9%D9%84%DB%8C%D9%86%DB%8C%DA%A9-%D8%AF%D9%86%D8%AF%D8%A7%D9%86%D9%BE%D8%B2%D8%B4%DA%A9%DB%8C-%D8%AF%DA%A9%D8%AA%D8%B1-%D8%B9%D9%84%DB%8C%D8%B1%D8%B6%D8%A7-%D8%B5%D8%AF%DB%8C%D9%82%DB%8C,404,,intentional 404 (documented),WordPress taxonomy/archive/system path — no content equivalent on new site
/دکتر-علیرضا-صدیقی/attachment/23/,/دکتر-علیرضا-صدیقی/attachment/23/,search-console,0,3,404,,404,https://dralirezasadighi.com/%D8%AF%DA%A9%D8%AA%D8%B1-%D8%B9%D9%84%DB%8C%D8%B1%D8%B6%D8%A7-%D8%B5%D8%AF%DB%8C%D9%82%DB%8C/attachment/23,404,/about,"FIXED (pending deploy): added to legacy-redirects.ts, 2026-08-26 broad audit",keyword-bucket fallback (matched: دکتر-علیرضا-صدیقی)
/دکتر-علیرضا-صدیقی/لیفت-صورت-2/,/دکتر-علیرضا-صدیقی/لیفت-صورت-2/,search-console,0,2,404,,404,https://dralirezasadighi.com/%D8%AF%DA%A9%D8%AA%D8%B1-%D8%B9%D9%84%DB%8C%D8%B1%D8%B6%D8%A7-%D8%B5%D8%AF%DB%8C%D9%82%DB%8C/%D9%84%DB%8C%D9%81%D8%AA-%D8%B5%D9%88%D8%B1%D8%AA-2,404,/about,"FIXED (pending deploy): added to legacy-redirects.ts, 2026-08-26 broad audit",keyword-bucket fallback (matched: دکتر-علیرضا-صدیقی)
/دکتر-علیرضا-صدیقی/impalnet/,/دکتر-علیرضا-صدیقی/impalnet/,search-console,0,2,404,,404,https://dralirezasadighi.com/%D8%AF%DA%A9%D8%AA%D8%B1-%D8%B9%D9%84%DB%8C%D8%B1%D8%B6%D8%A7-%D8%B5%D8%AF%DB%8C%D9%82%DB%8C/impalnet,404,/about,"FIXED (pending deploy): added to legacy-redirects.ts, 2026-08-26 broad audit",keyword-bucket fallback (matched: دکتر-علیرضا-صدیقی)
/category/سوالات-متداول/,/category/سوالات-متداول/,search-console,0,2,404,,404,https://dralirezasadighi.com/category/%D8%B3%D9%88%D8%A7%D9%84%D8%A7%D8%AA-%D9%85%D8%AA%D8%AF%D8%A7%D9%88%D9%84,404,,intentional 404 (documented),WordPress taxonomy/archive/system path — no content equivalent on new site
/img-cdoy5jyza8yh66nj9wqel-2/,/img-cdoy5jyza8yh66nj9wqel-2/,search-console,0,2,404,,404,https://dralirezasadighi.com/img-cdoy5jyza8yh66nj9wqel-2,404,,NEEDS HUMAN DECISION,"No exact knowledge-article match and no confident semantic-keyword bucket — ambiguous topic, needs Hamid's call. See title/clicks for context."
/tag/فک-پایین-عقبرفته/,/tag/فک-پایین-عقبرفته/,search-console,0,2,404,,404,https://dralirezasadighi.com/tag/%D9%81%DA%A9-%D9%BE%D8%A7%DB%8C%DB%8C%D9%86-%D8%B9%D9%82%D8%A8%D8%B1%D9%81%D8%AA%D9%87,404,,intentional 404 (documented),WordPress taxonomy/archive/system path — no content equivalent on new site
/en/sinos-lift-2/,/en/sinos-lift-2/,search-console,0,2,404,,404,https://dralirezasadighi.com/en/sinos-lift-2,404,/en/services/facial-cosmetic-surgery,"FIXED (pending deploy): added to legacy-redirects.ts, 2026-08-26 broad audit",keyword-bucket fallback (matched: lift)
/tag/دندان-نهفته/,/tag/دندان-نهفته/,search-console,0,2,404,,404,https://dralirezasadighi.com/tag/%D8%AF%D9%86%D8%AF%D8%A7%D9%86-%D9%86%D9%87%D9%81%D8%AA%D9%87,404,,intentional 404 (documented),WordPress taxonomy/archive/system path — no content equivalent on new site
/tag/جراحی-لثه/,/tag/جراحی-لثه/,search-console,0,2,404,,404,https://dralirezasadighi.com/tag/%D8%AC%D8%B1%D8%A7%D8%AD%DB%8C-%D9%84%D8%AB%D9%87,404,,intentional 404 (documented),WordPress taxonomy/archive/system path — no content equivalent on new site
/tag/جراحی-لیفت-شقیقه/,/tag/جراحی-لیفت-شقیقه/,search-console,0,2,404,,404,https://dralirezasadighi.com/tag/%D8%AC%D8%B1%D8%A7%D8%AD%DB%8C-%D9%84%DB%8C%D9%81%D8%AA-%D8%B4%D9%82%DB%8C%D9%82%D9%87,404,,intentional 404 (documented),WordPress taxonomy/archive/system path — no content equivalent on new site
/b0oxf4tp-2/,/b0oxf4tp-2/,search-console,0,2,404,,404,https://dralirezasadighi.com/b0oxf4tp-2,404,,NEEDS HUMAN DECISION,"No exact knowledge-article match and no confident semantic-keyword bucket — ambiguous topic, needs Hamid's call. See title/clicks for context."
/tag/بیماری-کندیلار-هایپرپلاژیا-علل،-تشخی/,/tag/بیماری-کندیلار-هایپرپلاژیا-علل،-تشخی/,search-console,0,2,404,,404,https://dralirezasadighi.com/tag/%D8%A8%DB%8C%D9%85%D8%A7%D8%B1%DB%8C-%DA%A9%D9%86%D8%AF%DB%8C%D9%84%D8%A7%D8%B1-%D9%87%D8%A7%DB%8C%D9%BE%D8%B1%D9%BE%D9%84%D8%A7%DA%98%DB%8C%D8%A7-%D8%B9%D9%84%D9%84%D8%8C-%D8%AA%D8%B4%D8%AE%DB%8C,404,,intentional 404 (documented),WordPress taxonomy/archive/system path — no content equivalent on new site
/tag/کلینیکهای-تخصصی-در-تهران-و-تبریز/,/tag/کلینیکهای-تخصصی-در-تهران-و-تبریز/,search-console,0,2,404,,404,https://dralirezasadighi.com/tag/%DA%A9%D9%84%DB%8C%D9%86%DB%8C%DA%A9%D9%87%D8%A7%DB%8C-%D8%AA%D8%AE%D8%B5%D8%B5%DB%8C-%D8%AF%D8%B1-%D8%AA%D9%87%D8%B1%D8%A7%D9%86-%D9%88-%D8%AA%D8%A8%D8%B1%DB%8C%D8%B2,404,,intentional 404 (documented),WordPress taxonomy/archive/system path — no content equivalent on new site
/دکتر-علیرضا-صدیقی/n3_52_11zon/,/دکتر-علیرضا-صدیقی/n3_52_11zon/,search-console,0,2,404,,404,https://dralirezasadighi.com/%D8%AF%DA%A9%D8%AA%D8%B1-%D8%B9%D9%84%DB%8C%D8%B1%D8%B6%D8%A7-%D8%B5%D8%AF%DB%8C%D9%82%DB%8C/n3_52_11zon,404,/about,"FIXED (pending deploy): added to legacy-redirects.ts, 2026-08-26 broad audit",keyword-bucket fallback (matched: دکتر-علیرضا-صدیقی)
/en/tag/dr-sadeghi/,/en/tag/dr-sadeghi/,search-console,0,2,404,,404,https://dralirezasadighi.com/en/tag/dr-sadeghi,404,,intentional 404 (documented),WordPress taxonomy/archive/system path — no content equivalent on new site
/دکتر-علیرضا-صدیقی/rezayat1_64_11zon/,/دکتر-علیرضا-صدیقی/rezayat1_64_11zon/,search-console,0,2,404,,404,https://dralirezasadighi.com/%D8%AF%DA%A9%D8%AA%D8%B1-%D8%B9%D9%84%DB%8C%D8%B1%D8%B6%D8%A7-%D8%B5%D8%AF%DB%8C%D9%82%DB%8C/rezayat1_64_11zon,404,/about,"FIXED (pending deploy): added to legacy-redirects.ts, 2026-08-26 broad audit",keyword-bucket fallback (matched: دکتر-علیرضا-صدیقی)
/contact/special-equipment-for-a-dentist-dentist-office/,/contact/special-equipment-for-a-dentist-dentist-office/,search-console,0,2,404,,404,https://dralirezasadighi.com/contact/special-equipment-for-a-dentist-dentist-office,404,/contact,"FIXED (pending deploy): added to legacy-redirects.ts, 2026-08-26 broad audit",keyword-bucket fallback (matched: contact)
/tag/مزایای-فیلر-صورت/,/tag/مزایای-فیلر-صورت/,search-console,0,2,404,,404,https://dralirezasadighi.com/tag/%D9%85%D8%B2%D8%A7%DB%8C%D8%A7%DB%8C-%D9%81%DB%8C%D9%84%D8%B1-%D8%B5%D9%88%D8%B1%D8%AA,404,,intentional 404 (documented),WordPress taxonomy/archive/system path — no content equivalent on new site
/جراحی-برجستگی-پیشانی-روشها،-مزایا-و/,/جراحی-برجستگی-پیشانی-روشها،-مزایا-و/,rank-math|search-console,0,2,404,,404,https://dralirezasadighi.com/%D8%AC%D8%B1%D8%A7%D8%AD%DB%8C-%D8%A8%D8%B1%D8%AC%D8%B3%D8%AA%DA%AF%DB%8C-%D9%BE%DB%8C%D8%B4%D8%A7%D9%86%DB%8C-%D8%B1%D9%88%D8%B4%D9%87%D8%A7%D8%8C-%D9%85%D8%B2%D8%A7%DB%8C%D8%A7-%D9%88,404,,intentional 404 (documented),Hamid's explicit 2026-08-23 decision: keep blocked pending manual content review (STILL_BLOCKED) — not re-decided by this bulk pass
/12-2/,/12-2/,search-console,0,2,404,,404,https://dralirezasadighi.com/12-2,404,,NEEDS HUMAN DECISION,"No exact knowledge-article match and no confident semantic-keyword bucket — ambiguous topic, needs Hamid's call. See title/clicks for context."
/tag/جینوپلاستی/,/tag/جینوپلاستی/,search-console,0,2,404,,404,https://dralirezasadighi.com/tag/%D8%AC%DB%8C%D9%86%D9%88%D9%BE%D9%84%D8%A7%D8%B3%D8%AA%DB%8C,404,,intentional 404 (documented),WordPress taxonomy/archive/system path — no content equivalent on new site
/en/ایمپلنت-2-2/,/en/ایمپلنت-2-2/,search-console,0,2,404,,404,https://dralirezasadighi.com/en/%D8%A7%DB%8C%D9%85%D9%BE%D9%84%D9%86%D8%AA-2-2,404,/en/services/advanced-dental-implant,"FIXED (pending deploy): added to legacy-redirects.ts, 2026-08-26 broad audit",keyword-bucket fallback (matched: ایمپلنت)
/tag/معایت-جراحی-فک/,/tag/معایت-جراحی-فک/,search-console,0,2,404,,404,https://dralirezasadighi.com/tag/%D9%85%D8%B9%D8%A7%DB%8C%D8%AA-%D8%AC%D8%B1%D8%A7%D8%AD%DB%8C-%D9%81%DA%A9,404,,intentional 404 (documented),WordPress taxonomy/archive/system path — no content equivalent on new site
/category/blog/دسته-بندی-نشده/,/category/blog/دسته-بندی-نشده/,search-console,0,2,404,,404,https://dralirezasadighi.com/category/blog/%D8%AF%D8%B3%D8%AA%D9%87-%D8%A8%D9%86%D8%AF%DB%8C-%D9%86%D8%B4%D8%AF%D9%87,404,,intentional 404 (documented),WordPress taxonomy/archive/system path — no content equivalent on new site
/tag/best-maxillofacial-surgeon/,/tag/best-maxillofacial-surgeon/,search-console,0,2,404,,404,https://dralirezasadighi.com/tag/best-maxillofacial-surgeon,404,,intentional 404 (documented),WordPress taxonomy/archive/system path — no content equivalent on new site
/25-سوال-متداول-در-مورد-جراحی-چانه-و-زاویه/25-سوال-متداول-در-مورد-جراحی-چانه-و-زاویه/,/25-سوال-متداول-در-مورد-جراحی-چانه-و-زاویه/25-سوال-متداول-در-مورد-جراحی-چانه-و-زاویه/,search-console,0,2,404,,404,https://dralirezasadighi.com/25-%D8%B3%D9%88%D8%A7%D9%84-%D9%85%D8%AA%D8%AF%D8%A7%D9%88%D9%84-%D8%AF%D8%B1-%D9%85%D9%88%D8%B1%D8%AF-%D8%AC%D8%B1%D8%A7%D8%AD%DB%8C-%DA%86%D8%A7%D9%86%D9%87-%D9%88-%D8%B2%D8%A7%D9%88%DB%8C%D9%87/25-%D8%B3%D9%88%D8%A7%D9%84-%D9%85%D8%AA%D8%AF%D8%A7%D9%88%D9%84-%D8%AF%D8%B1-%D9%85%D9%88%D8%B1%D8%AF-%D8%AC%D8%B1%D8%A7%D8%AD%DB%8C-%DA%86%D8%A7%D9%86%D9%87-%D9%88-%D8%B2%D8%A7%D9%88%DB%8C%D9%87,404,/services/facial-cosmetic-surgery,"FIXED (pending deploy): added to legacy-redirects.ts, 2026-08-26 broad audit",keyword-bucket fallback (matched: چانه)
/en/dall·e-2024-11-20-01-14-58-a-clean-and-visually-appealing-illustration-about-wisdom-teeth-showing-the-anatomy-of-the-jaw-and-the-position-of-wisdom-teeth-without-any-text-or-lo-2/,/en/dall·e-2024-11-20-01-14-58-a-clean-and-visually-appealing-illustration-about-wisdom-teeth-showing-the-anatomy-of-the-jaw-and-the-position-of-wisdom-teeth-without-any-text-or-lo-2/,search-console,0,2,404,,404,https://dralirezasadighi.com/en/dall%C2%B7e-2024-11-20-01-14-58-a-clean-and-visually-appealing-illustration-about-wisdom-teeth-showing-the-anatomy-of-the-jaw-and-the-position-of-wisdom-teeth-without-any-text-or-lo-2,404,/en/about,"FIXED (pending deploy): added to legacy-redirects.ts, 2026-08-26 broad audit",keyword-bucket fallback (matched: about)
/tag/prognathism/,/tag/prognathism/,search-console,0,2,404,,404,https://dralirezasadighi.com/tag/prognathism,404,,intentional 404 (documented),WordPress taxonomy/archive/system path — no content equivalent on new site
/tag/بازسازی-نواقص-صورت/,/tag/بازسازی-نواقص-صورت/,search-console,0,2,404,,404,https://dralirezasadighi.com/tag/%D8%A8%D8%A7%D8%B2%D8%B3%D8%A7%D8%B2%DB%8C-%D9%86%D9%88%D8%A7%D9%82%D8%B5-%D8%B5%D9%88%D8%B1%D8%AA,404,,intentional 404 (documented),WordPress taxonomy/archive/system path — no content equivalent on new site
/tag/مراحل-ایمپلنت-دیجیتال/,/tag/مراحل-ایمپلنت-دیجیتال/,search-console,0,2,404,,404,https://dralirezasadighi.com/tag/%D9%85%D8%B1%D8%A7%D8%AD%D9%84-%D8%A7%DB%8C%D9%85%D9%BE%D9%84%D9%86%D8%AA-%D8%AF%DB%8C%D8%AC%DB%8C%D8%AA%D8%A7%D9%84,404,,intentional 404 (documented),WordPress taxonomy/archive/system path — no content equivalent on new site
/tag/تفاوت-کشیدن-و-جراحی-دندان/,/tag/تفاوت-کشیدن-و-جراحی-دندان/,search-console,0,2,404,,404,https://dralirezasadighi.com/tag/%D8%AA%D9%81%D8%A7%D9%88%D8%AA-%DA%A9%D8%B4%DB%8C%D8%AF%D9%86-%D9%88-%D8%AC%D8%B1%D8%A7%D8%AD%DB%8C-%D8%AF%D9%86%D8%AF%D8%A7%D9%86,404,,intentional 404 (documented),WordPress taxonomy/archive/system path — no content equivalent on new site
/بهترین-تخصص-ایمپلنت-تبریز-و-معرفی-دکت/,/بهترین-تخصص-ایمپلنت-تبریز-و-معرفی-دکت/,search-console,0,1,404,,404,https://dralirezasadighi.com/%D8%A8%D9%87%D8%AA%D8%B1%DB%8C%D9%86-%D8%AA%D8%AE%D8%B5%D8%B5-%D8%A7%DB%8C%D9%85%D9%BE%D9%84%D9%86%D8%AA-%D8%AA%D8%A8%D8%B1%DB%8C%D8%B2-%D9%88-%D9%85%D8%B9%D8%B1%D9%81%DB%8C-%D8%AF%DA%A9%D8%AA,404,/services/advanced-dental-implant,"FIXED (pending deploy): added to legacy-redirects.ts, 2026-08-26 broad audit",keyword-bucket fallback (matched: ایمپلنت)
/بهترین-متخصص-ایملنت-ت�بریز-و-معرفی-دکت/,/بهترین-متخصص-ایملنت-ت�بریز-و-معرفی-دکت/,search-console,0,1,404,,404,https://dralirezasadighi.com/%D8%A8%D9%87%D8%AA%D8%B1%DB%8C%D9%86-%D9%85%D8%AA%D8%AE%D8%B5%D8%B5-%D8%A7%DB%8C%D9%85%D9%84%D9%86%D8%AA-%D8%AA%EF%BF%BD%D8%A8%D8%B1%DB%8C%D8%B2-%D9%88-%D9%85%D8%B9%D8%B1%D9%81%DB%8C-%D8%AF%DA%A9%D8%AA,404,/about,"FIXED (pending deploy): added to legacy-redirects.ts, 2026-08-26 broad audit",keyword-bucket fallback (matched: بهترین-متخصص)
/جراحی-بینی-به-سایت-اروپایی-زیبایی-و-تقا/,/جراحی-بینی-به-سایت-اروپایی-زیبایی-و-تقا/,search-console,0,1,404,,404,https://dralirezasadighi.com/%D8%AC%D8%B1%D8%A7%D8%AD%DB%8C-%D8%A8%DB%8C%D9%86%DB%8C-%D8%A8%D9%87-%D8%B3%D8%A7%DB%8C%D8%AA-%D8%A7%D8%B1%D9%88%D9%BE%D8%A7%DB%8C%DB%8C-%D8%B2%DB%8C%D8%A8%D8%A7%DB%8C%DB%8C-%D9%88-%D8%AA%D9%82%D8%A7,404,/services/rhinoplasty,"FIXED (pending deploy): added to legacy-redirects.ts, 2026-08-26 broad audit",keyword-bucket fallback (matched: بینی)
/جراحی-دندن-عقل-با-بیهوشی-در-تبریز/,/جراحی-دندن-عقل-با-بیهوشی-در-تبریز/,search-console,0,1,404,,404,https://dralirezasadighi.com/%D8%AC%D8%B1%D8%A7%D8%AD%DB%8C-%D8%AF%D9%86%D8%AF%D9%86-%D8%B9%D9%82%D9%84-%D8%A8%D8%A7-%D8%A8%DB%8C%D9%87%D9%88%D8%B4%DB%8C-%D8%AF%D8%B1-%D8%AA%D8%A8%D8%B1%DB%8C%D8%B2,404,,NEEDS HUMAN DECISION,"No exact knowledge-article match and no confident semantic-keyword bucket — ambiguous topic, needs Hamid's call. See title/clicks for context."
/خنده-لثهای؛-علل-تشخیص-وروشهای-درم/,/خنده-لثهای؛-علل-تشخیص-وروشهای-درم/,search-console,0,1,404,,404,https://dralirezasadighi.com/%D8%AE%D9%86%D8%AF%D9%87-%D9%84%D8%AB%D9%87%D8%A7%DB%8C%D8%9B-%D8%B9%D9%84%D9%84-%D8%AA%D8%B4%D8%AE%DB%8C%D8%B5-%D9%88%D8%B1%D9%88%D8%B4%D9%87%D8%A7%DB%8C-%D8%AF%D8%B1%D9%85,404,,NEEDS HUMAN DECISION,"No exact knowledge-article match and no confident semantic-keyword bucket — ambiguous topic, needs Hamid's call. See title/clicks for context."
/فیزیوتراپی-بعد-از-جراحی-فک-راقنمای-کام/,/فیزیوتراپی-بعد-از-جراحی-فک-راقنمای-کام/,search-console,0,1,404,,404,https://dralirezasadighi.com/%D9%81%DB%8C%D8%B2%DB%8C%D9%88%D8%AA%D8%B1%D8%A7%D9%BE%DB%8C-%D8%A8%D8%B9%D8%AF-%D8%A7%D8%B2-%D8%AC%D8%B1%D8%A7%D8%AD%DB%8C-%D9%81%DA%A9-%D8%B1%D8%A7%D9%82%D9%86%D9%85%D8%A7%DB%8C-%DA%A9%D8%A7%D9%85,404,/care-instructions/jaw-physiotherapy,"FIXED (pending deploy): added to legacy-redirects.ts, 2026-08-26 broad audit",care-instructions bucket (matched: فیزیوتراپی)
/لیفت-ابرو-وشقیقه/,/لیفت-ابرو-وشقیقه/,search-console,0,1,404,,404,https://dralirezasadighi.com/%D9%84%DB%8C%D9%81%D8%AA-%D8%A7%D8%A8%D8%B1%D9%88-%D9%88%D8%B4%D9%82%DB%8C%D9%82%D9%87,404,/services/facial-cosmetic-surgery,"FIXED (pending deploy): added to legacy-redirects.ts, 2026-08-26 broad audit",keyword-bucket fallback (matched: لیفت)
/about-us/)/,/about-us/)/,search-console,0,1,404,,404,https://dralirezasadighi.com/about-us/%29,404,/about,"FIXED (pending deploy): added to legacy-redirects.ts, 2026-08-26 broad audit",keyword-bucket fallback (matched: about)
/en/صفحه-اصلی/impalnet-2/,/en/صفحه-اصلی/impalnet-2/,search-console,0,1,404,,404,https://dralirezasadighi.com/en/%D8%B5%D9%81%D8%AD%D9%87-%D8%A7%D8%B5%D9%84%DB%8C/impalnet-2,404,/en,"FIXED (pending deploy): added to legacy-redirects.ts, 2026-08-26 broad audit",keyword-bucket fallback (matched: صفحه-اصلی)
/n5-2/,/n5-2/,search-console,0,1,404,,404,https://dralirezasadighi.com/n5-2,404,,NEEDS HUMAN DECISION,"No exact knowledge-article match and no confident semantic-keyword bucket — ambiguous topic, needs Hamid's call. See title/clicks for context."
/بهترین-متخصص-ایپلنت-تبریز-و-معرفی-دکت/,/بهترین-متخصص-ایپلنت-تبریز-و-معرفی-دکت/,search-console,0,1,404,,404,https://dralirezasadighi.com/%D8%A8%D9%87%D8%AA%D8%B1%DB%8C%D9%86-%D9%85%D8%AA%D8%AE%D8%B5%D8%B5-%D8%A7%DB%8C%D9%BE%D9%84%D9%86%D8%AA-%D8%AA%D8%A8%D8%B1%DB%8C%D8%B2-%D9%88-%D9%85%D8%B9%D8%B1%D9%81%DB%8C-%D8%AF%DA%A9%D8%AA,404,/about,"FIXED (pending deploy): added to legacy-redirects.ts, 2026-08-26 broad audit",keyword-bucket fallback (matched: بهترین-متخصص)
/جراحی-فک-پایین-عقب-رفته-راهی-برای-بهبود/جراحی-فک-پایین-عقب-رفته-راهی-برای-بهبود/,/جراحی-فک-پایین-عقب-رفته-راهی-برای-بهبود/جراحی-فک-پایین-عقب-رفته-راهی-برای-بهبود/,search-console,0,1,404,,404,https://dralirezasadighi.com/%D8%AC%D8%B1%D8%A7%D8%AD%DB%8C-%D9%81%DA%A9-%D9%BE%D8%A7%DB%8C%DB%8C%D9%86-%D8%B9%D9%82%D8%A8-%D8%B1%D9%81%D8%AA%D9%87-%D8%B1%D8%A7%D9%87%DB%8C-%D8%A8%D8%B1%D8%A7%DB%8C-%D8%A8%D9%87%D8%A8%D9%88%D8%AF/%D8%AC%D8%B1%D8%A7%D8%AD%DB%8C-%D9%81%DA%A9-%D9%BE%D8%A7%DB%8C%DB%8C%D9%86-%D8%B9%D9%82%D8%A8-%D8%B1%D9%81%D8%AA%D9%87-%D8%B1%D8%A7%D9%87%DB%8C-%D8%A8%D8%B1%D8%A7%DB%8C-%D8%A8%D9%87%D8%A8%D9%88%D8%AF,404,/services/orthognathic-surgery,"FIXED (pending deploy): added to legacy-redirects.ts, 2026-08-26 broad audit",keyword-bucket fallback (matched: فک)
/map-3/,/map-3/,search-console,0,1,404,,404,https://dralirezasadighi.com/map-3,404,,NEEDS HUMAN DECISION,"No exact knowledge-article match and no confident semantic-keyword bucket — ambiguous topic, needs Hamid's call. See title/clicks for context."
/tag/جراحی-فک-کمتهاجمی/,/tag/جراحی-فک-کمتهاجمی/,search-console,0,1,404,,404,https://dralirezasadighi.com/tag/%D8%AC%D8%B1%D8%A7%D8%AD%DB%8C-%D9%81%DA%A9-%DA%A9%D9%85%D8%AA%D9%87%D8%A7%D8%AC%D9%85%DB%8C,404,,intentional 404 (documented),WordPress taxonomy/archive/system path — no content equivalent on new site
/wp-content/uploads/2024/12/فک-پایین-عقب‌رفته-چیست؟-دلایل،-علائم-و-اهمیت-درمان-آن-768x768.jpg.webp/,/wp-content/uploads/2024/12/فک-پایین-عقب‌رفته-چیست؟-دلایل،-علائم-و-اهمیت-درمان-آن-768x768.jpg.webp/,search-console,0,1,404,,404,https://dralirezasadighi.com/wp-content/uploads/2024/12/%D9%81%DA%A9-%D9%BE%D8%A7%DB%8C%DB%8C%D9%86-%D8%B9%D9%82%D8%A8%E2%80%8C%D8%B1%D9%81%D8%AA%D9%87-%DA%86%DB%8C%D8%B3%D8%AA%D8%9F-%D8%AF%D9%84%D8%A7%DB%8C%D9%84%D8%8C-%D8%B9%D9%84%D8%A7%D8%A6%D9%85-%D9%88-%D8%A7%D9%87%D9%85%DB%8C%D8%AA-%D8%AF%D8%B1%D9%85%D8%A7%D9%86-%D8%A2%D9%86-768x768.jpg.webp,404,,intentional 404 (documented),WordPress taxonomy/archive/system path — no content equivalent on new site
/بهترین-جراح-فک-در-تبریز-راهنمای-مامل-ا/,/بهترین-جراح-فک-در-تبریز-راهنمای-مامل-ا/,search-console,0,1,404,,404,https://dralirezasadighi.com/%D8%A8%D9%87%D8%AA%D8%B1%DB%8C%D9%86-%D8%AC%D8%B1%D8%A7%D8%AD-%D9%81%DA%A9-%D8%AF%D8%B1-%D8%AA%D8%A8%D8%B1%DB%8C%D8%B2-%D8%B1%D8%A7%D9%87%D9%86%D9%85%D8%A7%DB%8C-%D9%85%D8%A7%D9%85%D9%84-%D8%A7,404,/about,"FIXED (pending deploy): added to legacy-redirects.ts, 2026-08-26 broad audit",keyword-bucket fallback (matched: بهترین-جراح)
/جراحی-دندان-عقل-با-بیهوشی-در-تبریز/)/,/جراحی-دندان-عقل-با-بیهوشی-در-تبریز/)/,search-console,0,1,404,,404,https://dralirezasadighi.com/%D8%AC%D8%B1%D8%A7%D8%AD%DB%8C-%D8%AF%D9%86%D8%AF%D8%A7%D9%86-%D8%B9%D9%82%D9%84-%D8%A8%D8%A7-%D8%A8%DB%8C%D9%87%D9%88%D8%B4%DB%8C-%D8%AF%D8%B1-%D8%AA%D8%A8%D8%B1%DB%8C%D8%B2/%29,404,/services/impacted-tooth-surgery,"FIXED (pending deploy): added to legacy-redirects.ts, 2026-08-26 broad audit",keyword-bucket fallback (matched: دندان-عقل)
/دکتر-علیرضا-صدیقی/downloadfile-52/,/دکتر-علیرضا-صدیقی/downloadfile-52/,search-console,0,1,404,,404,https://dralirezasadighi.com/%D8%AF%DA%A9%D8%AA%D8%B1-%D8%B9%D9%84%DB%8C%D8%B1%D8%B6%D8%A7-%D8%B5%D8%AF%DB%8C%D9%82%DB%8C/downloadfile-52,404,/about,"FIXED (pending deploy): added to legacy-redirects.ts, 2026-08-26 broad audit",keyword-bucket fallback (matched: دکتر-علیرضا-صدیقی)
/شکاف-لب-و-کام-چیست؟/d067f6de43bb2ff994f11414142d60ab-cleft-lip-palate/,/شکاف-لب-و-کام-چیست؟/d067f6de43bb2ff994f11414142d60ab-cleft-lip-palate/,search-console,0,1,404,,404,https://dralirezasadighi.com/%D8%B4%DA%A9%D8%A7%D9%81-%D9%84%D8%A8-%D9%88-%DA%A9%D8%A7%D9%85-%DA%86%DB%8C%D8%B3%D8%AA%D8%9F/d067f6de43bb2ff994f11414142d60ab-cleft-lip-palate,404,/services/facial-reconstruction-surgery,"FIXED (pending deploy): added to legacy-redirects.ts, 2026-08-26 broad audit",keyword-bucket fallback (matched: شکاف-لب-و-کام)
/نمونه-درمان/n36/,/نمونه-درمان/n36/,search-console,0,1,404,,404,https://dralirezasadighi.com/%D9%86%D9%85%D9%88%D9%86%D9%87-%D8%AF%D8%B1%D9%85%D8%A7%D9%86/n36,404,/before-after,"FIXED (pending deploy): added to legacy-redirects.ts, 2026-08-26 broad audit",keyword-bucket fallback (matched: نمونه-درمان)
/en/digital-technology-in-corrective-facial-asymmetry-surgery/,/en/digital-technology-in-corrective-facial-asymmetry-surgery/,search-console,0,1,404,,404,https://dralirezasadighi.com/en/digital-technology-in-corrective-facial-asymmetry-surgery,404,/en/services/facial-reconstruction-surgery,"FIXED (pending deploy): added to legacy-redirects.ts, 2026-08-26 broad audit",keyword-bucket fallback (matched: asymmetry)
/دکتر-علیرضا-صدیقی/cosmetic-surgery/,/دکتر-علیرضا-صدیقی/cosmetic-surgery/,search-console,0,1,404,,404,https://dralirezasadighi.com/%D8%AF%DA%A9%D8%AA%D8%B1-%D8%B9%D9%84%DB%8C%D8%B1%D8%B6%D8%A7-%D8%B5%D8%AF%DB%8C%D9%82%DB%8C/cosmetic-surgery,404,/about,"FIXED (pending deploy): added to legacy-redirects.ts, 2026-08-26 broad audit",keyword-bucket fallback (matched: دکتر-علیرضا-صدیقی)
/certificate-of-attendance-iti-ws-202one-stmn-3/,/certificate-of-attendance-iti-ws-202one-stmn-3/,search-console,0,1,404,,404,https://dralirezasadighi.com/certificate-of-attendance-iti-ws-202one-stmn-3,404,,NEEDS HUMAN DECISION,"No exact knowledge-article match and no confident semantic-keyword bucket — ambiguous topic, needs Hamid's call. See title/clicks for context."
/n36-2/,/n36-2/,search-console,0,1,404,,404,https://dralirezasadighi.com/n36-2,404,,NEEDS HUMAN DECISION,"No exact knowledge-article match and no confident semantic-keyword bucket — ambiguous topic, needs Hamid's call. See title/clicks for context."
/rezayat2-2/,/rezayat2-2/,search-console,0,1,404,,404,https://dralirezasadighi.com/rezayat2-2,404,,NEEDS HUMAN DECISION,"No exact knowledge-article match and no confident semantic-keyword bucket — ambiguous topic, needs Hamid's call. See title/clicks for context."
/tag/هزینه-لیفت-شقیقه/,/tag/هزینه-لیفت-شقیقه/,search-console,0,1,404,,404,https://dralirezasadighi.com/tag/%D9%87%D8%B2%DB%8C%D9%86%D9%87-%D9%84%DB%8C%D9%81%D8%AA-%D8%B4%D9%82%DB%8C%D9%82%D9%87,404,,intentional 404 (documented),WordPress taxonomy/archive/system path — no content equivalent on new site
/25-سوال-متداول-در-مورد-جراحی-لیفت-صورت-که/photo_2024-07-15_20-57-10/,/25-سوال-متداول-در-مورد-جراحی-لیفت-صورت-که/photo_2024-07-15_20-57-10/,search-console,0,1,404,,404,https://dralirezasadighi.com/25-%D8%B3%D9%88%D8%A7%D9%84-%D9%85%D8%AA%D8%AF%D8%A7%D9%88%D9%84-%D8%AF%D8%B1-%D9%85%D9%88%D8%B1%D8%AF-%D8%AC%D8%B1%D8%A7%D8%AD%DB%8C-%D9%84%DB%8C%D9%81%D8%AA-%D8%B5%D9%88%D8%B1%D8%AA-%DA%A9%D9%87/photo_2024-07-15_20-57-10,404,/services/facial-cosmetic-surgery,"FIXED (pending deploy): added to legacy-redirects.ts, 2026-08-26 broad audit",keyword-bucket fallback (matched: لیفت)
/en/1675363189_en-idei-club-p-polyclinics-interior-krasivo-1-2/,/en/1675363189_en-idei-club-p-polyclinics-interior-krasivo-1-2/,search-console,0,1,404,,404,https://dralirezasadighi.com/en/1675363189_en-idei-club-p-polyclinics-interior-krasivo-1-2,404,,NEEDS HUMAN DECISION,"No exact knowledge-article match and no confident semantic-keyword bucket — ambiguous topic, needs Hamid's call. See title/clicks for context."
/en/tag/digital-jaw-surgery/,/en/tag/digital-jaw-surgery/,search-console,0,1,404,,404,https://dralirezasadighi.com/en/tag/digital-jaw-surgery,404,,intentional 404 (documented),WordPress taxonomy/archive/system path — no content equivalent on new site
/tag/اهمیت-درمان-فک/,/tag/اهمیت-درمان-فک/,search-console,0,1,404,,404,https://dralirezasadighi.com/tag/%D8%A7%D9%87%D9%85%DB%8C%D8%AA-%D8%AF%D8%B1%D9%85%D8%A7%D9%86-%D9%81%DA%A9,404,,intentional 404 (documented),WordPress taxonomy/archive/system path — no content equivalent on new site
/tag/بهبود-سریع-جراحی-فک/,/tag/بهبود-سریع-جراحی-فک/,search-console,0,1,404,,404,https://dralirezasadighi.com/tag/%D8%A8%D9%87%D8%A8%D9%88%D8%AF-%D8%B3%D8%B1%DB%8C%D8%B9-%D8%AC%D8%B1%D8%A7%D8%AD%DB%8C-%D9%81%DA%A9,404,,intentional 404 (documented),WordPress taxonomy/archive/system path — no content equivalent on new site
/tag/توصیه-در-مورد-جراحی-فک/,/tag/توصیه-در-مورد-جراحی-فک/,search-console,0,1,404,,404,https://dralirezasadighi.com/tag/%D8%AA%D9%88%D8%B5%DB%8C%D9%87-%D8%AF%D8%B1-%D9%85%D9%88%D8%B1%D8%AF-%D8%AC%D8%B1%D8%A7%D8%AD%DB%8C-%D9%81%DA%A9,404,,intentional 404 (documented),WordPress taxonomy/archive/system path — no content equivalent on new site
/tag/قیمت-ایمپلنت-اقساطی-تبریز/,/tag/قیمت-ایمپلنت-اقساطی-تبریز/,search-console,0,1,404,,404,https://dralirezasadighi.com/tag/%D9%82%DB%8C%D9%85%D8%AA-%D8%A7%DB%8C%D9%85%D9%BE%D9%84%D9%86%D8%AA-%D8%A7%D9%82%D8%B3%D8%A7%D8%B7%DB%8C-%D8%AA%D8%A8%D8%B1%DB%8C%D8%B2,404,,intentional 404 (documented),WordPress taxonomy/archive/system path — no content equivalent on new site
/tag/کلینیک-ایمپلنت-در-تبریز/,/tag/کلینیک-ایمپلنت-در-تبریز/,search-console,0,1,404,,404,https://dralirezasadighi.com/tag/%DA%A9%D9%84%DB%8C%D9%86%DB%8C%DA%A9-%D8%A7%DB%8C%D9%85%D9%BE%D9%84%D9%86%D8%AA-%D8%AF%D8%B1-%D8%AA%D8%A8%D8%B1%DB%8C%D8%B2,404,,intentional 404 (documented),WordPress taxonomy/archive/system path — no content equivalent on new site
/راهنمای-کامل-درمان-لبخند-لثهای-علل،/photo_2024-08-10_13-27-39/,/راهنمای-کامل-درمان-لبخند-لثهای-علل،/photo_2024-08-10_13-27-39/,search-console,0,1,404,,404,https://dralirezasadighi.com/%D8%B1%D8%A7%D9%87%D9%86%D9%85%D8%A7%DB%8C-%DA%A9%D8%A7%D9%85%D9%84-%D8%AF%D8%B1%D9%85%D8%A7%D9%86-%D9%84%D8%A8%D8%AE%D9%86%D8%AF-%D9%84%D8%AB%D9%87%D8%A7%DB%8C-%D8%B9%D9%84%D9%84%D8%8C/photo_2024-08-10_13-27-39,404,,NEEDS HUMAN DECISION,"No exact knowledge-article match and no confident semantic-keyword bucket — ambiguous topic, needs Hamid's call. See title/clicks for context."
/رضایت-بیمار-از-جراحی-فک/vid-47641124-002718-228-1/,/رضایت-بیمار-از-جراحی-فک/vid-47641124-002718-228-1/,search-console,0,1,404,,404,https://dralirezasadighi.com/%D8%B1%D8%B6%D8%A7%DB%8C%D8%AA-%D8%A8%DB%8C%D9%85%D8%A7%D8%B1-%D8%A7%D8%B2-%D8%AC%D8%B1%D8%A7%D8%AD%DB%8C-%D9%81%DA%A9/vid-47641124-002718-228-1,404,/services/orthognathic-surgery,"FIXED (pending deploy): added to legacy-redirects.ts, 2026-08-26 broad audit",keyword-bucket fallback (matched: فک)
/en/وفقیت-۱۳-واحد-ایمپلنت-پساز-دو-سال-بی-ه-2/,/en/وفقیت-۱۳-واحد-ایمپلنت-پساز-دو-سال-بی-ه-2/,search-console,0,1,404,,404,https://dralirezasadighi.com/en/%D9%88%D9%81%D9%82%DB%8C%D8%AA-%DB%B1%DB%B3-%D9%88%D8%A7%D8%AD%D8%AF-%D8%A7%DB%8C%D9%85%D9%BE%D9%84%D9%86%D8%AA-%D9%BE%D8%B3%D8%A7%D8%B2-%D8%AF%D9%88-%D8%B3%D8%A7%D9%84-%D8%A8%DB%8C-%D9%87-2,404,/en/services/advanced-dental-implant,"FIXED (pending deploy): added to legacy-redirects.ts, 2026-08-26 broad audit",keyword-bucket fallback (matched: ایمپلنت)
/tag/اصلاح-ناقرینگی-صورت/,/tag/اصلاح-ناقرینگی-صورت/,search-console,0,1,404,,404,https://dralirezasadighi.com/tag/%D8%A7%D8%B5%D9%84%D8%A7%D8%AD-%D9%86%D8%A7%D9%82%D8%B1%DB%8C%D9%86%DA%AF%DB%8C-%D8%B5%D9%88%D8%B1%D8%AA,404,,intentional 404 (documented),WordPress taxonomy/archive/system path — no content equivalent on new site
/tag/بهترین-متخصص-ایمپلنت-تبریز/,/tag/بهترین-متخصص-ایمپلنت-تبریز/,search-console,0,1,404,,404,https://dralirezasadighi.com/tag/%D8%A8%D9%87%D8%AA%D8%B1%DB%8C%D9%86-%D9%85%D8%AA%D8%AE%D8%B5%D8%B5-%D8%A7%DB%8C%D9%85%D9%BE%D9%84%D9%86%D8%AA-%D8%AA%D8%A8%D8%B1%DB%8C%D8%B2,404,,intentional 404 (documented),WordPress taxonomy/archive/system path — no content equivalent on new site
/1675363189_en-idei-club-p-polyclinics-interior-krasivo-1-2/,/1675363189_en-idei-club-p-polyclinics-interior-krasivo-1-2/,search-console,0,1,404,,404,https://dralirezasadighi.com/1675363189_en-idei-club-p-polyclinics-interior-krasivo-1-2,404,,NEEDS HUMAN DECISION,"No exact knowledge-article match and no confident semantic-keyword bucket — ambiguous topic, needs Hamid's call. See title/clicks for context."
/category/مقالات/,/category/مقالات/,search-console,0,1,404,,404,https://dralirezasadighi.com/category/%D9%85%D9%82%D8%A7%D9%84%D8%A7%D8%AA,404,,intentional 404 (documented),WordPress taxonomy/archive/system path — no content equivalent on new site
/category/blog/جراحی-زیبایی/,/category/blog/جراحی-زیبایی/,search-console,0,1,404,,404,https://dralirezasadighi.com/category/blog/%D8%AC%D8%B1%D8%A7%D8%AD%DB%8C-%D8%B2%DB%8C%D8%A8%D8%A7%DB%8C%DB%8C,404,,intentional 404 (documented),WordPress taxonomy/archive/system path — no content equivalent on new site
/certificate-of-attendance-iti-ws-202one-iti-2-2/,/certificate-of-attendance-iti-ws-202one-iti-2-2/,search-console,0,1,404,,404,https://dralirezasadighi.com/certificate-of-attendance-iti-ws-202one-iti-2-2,404,,NEEDS HUMAN DECISION,"No exact knowledge-article match and no confident semantic-keyword bucket — ambiguous topic, needs Hamid's call. See title/clicks for context."
/certificate-of-attendance-iti-ws-202one-iti-3/,/certificate-of-attendance-iti-ws-202one-iti-3/,search-console,0,1,404,,404,https://dralirezasadighi.com/certificate-of-attendance-iti-ws-202one-iti-3,404,,NEEDS HUMAN DECISION,"No exact knowledge-article match and no confident semantic-keyword bucket — ambiguous topic, needs Hamid's call. See title/clicks for context."
/en/25-3-2/,/en/25-3-2/,search-console,0,1,404,,404,https://dralirezasadighi.com/en/25-3-2,404,,NEEDS HUMAN DECISION,"No exact knowledge-article match and no confident semantic-keyword bucket — ambiguous topic, needs Hamid's call. See title/clicks for context."
/en/tag/hyaluronic-acid/,/en/tag/hyaluronic-acid/,search-console,0,1,404,,404,https://dralirezasadighi.com/en/tag/hyaluronic-acid,404,,intentional 404 (documented),WordPress taxonomy/archive/system path — no content equivalent on new site
/picture1-2-2/,/picture1-2-2/,search-console,0,1,404,,404,https://dralirezasadighi.com/picture1-2-2,404,,NEEDS HUMAN DECISION,"No exact knowledge-article match and no confident semantic-keyword bucket — ambiguous topic, needs Hamid's call. See title/clicks for context."
/tag/جراحی-زیبایی/,/tag/جراحی-زیبایی/,search-console,0,1,404,,404,https://dralirezasadighi.com/tag/%D8%AC%D8%B1%D8%A7%D8%AD%DB%8C-%D8%B2%DB%8C%D8%A8%D8%A7%DB%8C%DB%8C,404,,intentional 404 (documented),WordPress taxonomy/archive/system path — no content equivalent on new site
/tag/متخصص-ایمپلنت-در-تبریز/,/tag/متخصص-ایمپلنت-در-تبریز/,search-console,0,1,404,,404,https://dralirezasadighi.com/tag/%D9%85%D8%AA%D8%AE%D8%B5%D8%B5-%D8%A7%DB%8C%D9%85%D9%BE%D9%84%D9%86%D8%AA-%D8%AF%D8%B1-%D8%AA%D8%A8%D8%B1%DB%8C%D8%B2,404,,intentional 404 (documented),WordPress taxonomy/archive/system path — no content equivalent on new site
/دکتر-علیرضا-صدیقی/bini-2/,/دکتر-علیرضا-صدیقی/bini-2/,search-console,0,1,404,,404,https://dralirezasadighi.com/%D8%AF%DA%A9%D8%AA%D8%B1-%D8%B9%D9%84%DB%8C%D8%B1%D8%B6%D8%A7-%D8%B5%D8%AF%DB%8C%D9%82%DB%8C/bini-2,404,/about,"FIXED (pending deploy): added to legacy-redirects.ts, 2026-08-26 broad audit",keyword-bucket fallback (matched: دکتر-علیرضا-صدیقی)
/wp-content/uploads/2024/09/ناقرینگی‌های-ناشی-از-تروما-به-صورت.jpg/,/wp-content/uploads/2024/09/ناقرینگی‌های-ناشی-از-تروما-به-صورت.jpg/,search-console,0,1,404,,404,https://dralirezasadighi.com/wp-content/uploads/2024/09/%D9%86%D8%A7%D9%82%D8%B1%DB%8C%D9%86%DA%AF%DB%8C%E2%80%8C%D9%87%D8%A7%DB%8C-%D9%86%D8%A7%D8%B4%DB%8C-%D8%A7%D8%B2-%D8%AA%D8%B1%D9%88%D9%85%D8%A7-%D8%A8%D9%87-%D8%B5%D9%88%D8%B1%D8%AA.jpg,404,,intentional 404 (documented),WordPress taxonomy/archive/system path — no content equivalent on new site
/category/blog-en/,/category/blog-en/,search-console,0,1,404,,404,https://dralirezasadighi.com/category/blog-en,404,,intentional 404 (documented),WordPress taxonomy/archive/system path — no content equivalent on new site
/dall·e-2024-11-30-16-33-45-a-realistic-close-up-depiction-of-an-impacted-wisdom-tooth-causing-gum-swelling-and-discomfort-the-focus-is-on-a-detailed-dental-anatomy-with-the-su-2/,/dall·e-2024-11-30-16-33-45-a-realistic-close-up-depiction-of-an-impacted-wisdom-tooth-causing-gum-swelling-and-discomfort-the-focus-is-on-a-detailed-dental-anatomy-with-the-su-2/,search-console,0,1,404,,404,https://dralirezasadighi.com/dall%C2%B7e-2024-11-30-16-33-45-a-realistic-close-up-depiction-of-an-impacted-wisdom-tooth-causing-gum-swelling-and-discomfort-the-focus-is-on-a-detailed-dental-anatomy-with-the-su-2,404,/services/impacted-tooth-surgery,"FIXED (pending deploy): added to legacy-redirects.ts, 2026-08-26 broad audit",keyword-bucket fallback (matched: wisdom-tooth)
/en/tag/25-سوال-متداول-در-مورد-جراحی-تزریق-چربی-en/,/en/tag/25-سوال-متداول-در-مورد-جراحی-تزریق-چربی-en/,search-console,0,1,404,,404,https://dralirezasadighi.com/en/tag/25-%D8%B3%D9%88%D8%A7%D9%84-%D9%85%D8%AA%D8%AF%D8%A7%D9%88%D9%84-%D8%AF%D8%B1-%D9%85%D9%88%D8%B1%D8%AF-%D8%AC%D8%B1%D8%A7%D8%AD%DB%8C-%D8%AA%D8%B2%D8%B1%DB%8C%D9%82-%DA%86%D8%B1%D8%A8%DB%8C-en,404,,intentional 404 (documented),WordPress taxonomy/archive/system path — no content equivalent on new site
/جراحی-بینی-به-سبک-اروپایی-زیبایی-و-تقا/photo_2024-07-29_12-16-45/,/جراحی-بینی-به-سبک-اروپایی-زیبایی-و-تقا/photo_2024-07-29_12-16-45/,search-console,0,1,404,,404,https://dralirezasadighi.com/%D8%AC%D8%B1%D8%A7%D8%AD%DB%8C-%D8%A8%DB%8C%D9%86%DB%8C-%D8%A8%D9%87-%D8%B3%D8%A8%DA%A9-%D8%A7%D8%B1%D9%88%D9%BE%D8%A7%DB%8C%DB%8C-%D8%B2%DB%8C%D8%A8%D8%A7%DB%8C%DB%8C-%D9%88-%D8%AA%D9%82%D8%A7/photo_2024-07-29_12-16-45,404,/services/rhinoplasty,"FIXED (pending deploy): added to legacy-redirects.ts, 2026-08-26 broad audit",keyword-bucket fallback (matched: بینی)
/دکتر-علیرضا-صدیقی/dr-sadighi/,/دکتر-علیرضا-صدیقی/dr-sadighi/,search-console,0,1,404,,404,https://dralirezasadighi.com/%D8%AF%DA%A9%D8%AA%D8%B1-%D8%B9%D9%84%DB%8C%D8%B1%D8%B6%D8%A7-%D8%B5%D8%AF%DB%8C%D9%82%DB%8C/dr-sadighi,404,/about,"FIXED (pending deploy): added to legacy-redirects.ts, 2026-08-26 broad audit",keyword-bucket fallback (matched: دکتر-علیرضا-صدیقی)
/مراقبت-های-بعد-از-عمل/مراقبتهای-جراحی-لیفت/,/مراقبت-های-بعد-از-عمل/مراقبتهای-جراحی-لیفت/,search-console,0,1,404,,404,https://dralirezasadighi.com/%D9%85%D8%B1%D8%A7%D9%82%D8%A8%D8%AA-%D9%87%D8%A7%DB%8C-%D8%A8%D8%B9%D8%AF-%D8%A7%D8%B2-%D8%B9%D9%85%D9%84/%D9%85%D8%B1%D8%A7%D9%82%D8%A8%D8%AA%D9%87%D8%A7%DB%8C-%D8%AC%D8%B1%D8%A7%D8%AD%DB%8C-%D9%84%DB%8C%D9%81%D8%AA,404,/care-instructions/facelift-browlift-care,"FIXED (pending deploy): added to legacy-redirects.ts, 2026-08-26 broad audit",care-instructions bucket (matched: لیفت)
/tag/دندانپزشک/,/tag/دندانپزشک/,search-console,0,1,404,,404,https://dralirezasadighi.com/tag/%D8%AF%D9%86%D8%AF%D8%A7%D9%86%D9%BE%D8%B2%D8%B4%DA%A9,404,,intentional 404 (documented),WordPress taxonomy/archive/system path — no content equivalent on new site
/tag/مراحل-نصب-ایمپلنت-اشترومن/,/tag/مراحل-نصب-ایمپلنت-اشترومن/,search-console,0,1,404,,404,https://dralirezasadighi.com/tag/%D9%85%D8%B1%D8%A7%D8%AD%D9%84-%D9%86%D8%B5%D8%A8-%D8%A7%DB%8C%D9%85%D9%BE%D9%84%D9%86%D8%AA-%D8%A7%D8%B4%D8%AA%D8%B1%D9%88%D9%85%D9%86,404,,intentional 404 (documented),WordPress taxonomy/archive/system path — no content equivalent on new site
/elementor-7929/picی5/,/elementor-7929/picی5/,search-console,0,1,404,,404,https://dralirezasadighi.com/elementor-7929/pic%DB%8C5,404,,NEEDS HUMAN DECISION,"No exact knowledge-article match and no confident semantic-keyword bucket — ambiguous topic, needs Hamid's call. See title/clicks for context."
/tag/چروکهای-دور-چشم/,/tag/چروکهای-دور-چشم/,search-console,0,1,404,,404,https://dralirezasadighi.com/tag/%DA%86%D8%B1%D9%88%DA%A9%D9%87%D8%A7%DB%8C-%D8%AF%D9%88%D8%B1-%DA%86%D8%B4%D9%85,404,,intentional 404 (documented),WordPress taxonomy/archive/system path — no content equivalent on new site
/tag/modern-jaw-surgery-techniques/,/tag/modern-jaw-surgery-techniques/,search-console,0,1,404,,404,https://dralirezasadighi.com/tag/modern-jaw-surgery-techniques,404,,intentional 404 (documented),WordPress taxonomy/archive/system path — no content equivalent on new site
/wp-content/uploads/2025/01/فیلم-جراحی-فک-300x300.jpg.webp/,/wp-content/uploads/2025/01/فیلم-جراحی-فک-300x300.jpg.webp/,search-console,0,1,404,,404,https://dralirezasadighi.com/wp-content/uploads/2025/01/%D9%81%DB%8C%D9%84%D9%85-%D8%AC%D8%B1%D8%A7%D8%AD%DB%8C-%D9%81%DA%A9-300x300.jpg.webp,404,,intentional 404 (documented),WordPress taxonomy/archive/system path — no content equivalent on new site
/en/12-2/,/en/12-2/,search-console,0,1,404,,404,https://dralirezasadighi.com/en/12-2,404,,NEEDS HUMAN DECISION,"No exact knowledge-article match and no confident semantic-keyword bucket — ambiguous topic, needs Hamid's call. See title/clicks for context."
/tag/dr-alireza-sadighi/,/tag/dr-alireza-sadighi/,search-console,0,1,404,,404,https://dralirezasadighi.com/tag/dr-alireza-sadighi,404,,intentional 404 (documented),WordPress taxonomy/archive/system path — no content equivalent on new site
/همهچیز-درباره-دندان-عقل-زمان-مناسب-ب/dall·e-2024-11-20-01-14-58-a-clean-and-visually-appealing-illustration-about-wisdom-teeth-showing-the-anatomy-of-the-jaw-and-the-position-of-wisdom-teeth-without-any-text-or-lo/,/همهچیز-درباره-دندان-عقل-زمان-مناسب-ب/dall·e-2024-11-20-01-14-58-a-clean-and-visually-appealing-illustration-about-wisdom-teeth-showing-the-anatomy-of-the-jaw-and-the-position-of-wisdom-teeth-without-any-text-or-lo/,search-console,0,1,404,,404,https://dralirezasadighi.com/%D9%87%D9%85%D9%87%DA%86%DB%8C%D8%B2-%D8%AF%D8%B1%D8%A8%D8%A7%D8%B1%D9%87-%D8%AF%D9%86%D8%AF%D8%A7%D9%86-%D8%B9%D9%82%D9%84-%D8%B2%D9%85%D8%A7%D9%86-%D9%85%D9%86%D8%A7%D8%B3%D8%A8-%D8%A8/dall%C2%B7e-2024-11-20-01-14-58-a-clean-and-visually-appealing-illustration-about-wisdom-teeth-showing-the-anatomy-of-the-jaw-and-the-position-of-wisdom-teeth-without-any-text-or-lo,404,/about,"FIXED (pending deploy): added to legacy-redirects.ts, 2026-08-26 broad audit",keyword-bucket fallback (matched: درباره)
/wp-content/uploads/2025/08/جراحی-فک-پایین-جلوآمده.webp/,/wp-content/uploads/2025/08/جراحی-فک-پایین-جلوآمده.webp/,search-console,0,1,404,,404,https://dralirezasadighi.com/wp-content/uploads/2025/08/%D8%AC%D8%B1%D8%A7%D8%AD%DB%8C-%D9%81%DA%A9-%D9%BE%D8%A7%DB%8C%DB%8C%D9%86-%D8%AC%D9%84%D9%88%D8%A2%D9%85%D8%AF%D9%87.webp,404,,intentional 404 (documented),WordPress taxonomy/archive/system path — no content equivalent on new site
/wp-content/uploads/2024/07/photo_2024-07-29_12-17-07.jpg/,/wp-content/uploads/2024/07/photo_2024-07-29_12-17-07.jpg/,search-console,0,1,404,,404,https://dralirezasadighi.com/wp-content/uploads/2024/07/photo_2024-07-29_12-17-07.jpg,404,,intentional 404 (documented),WordPress taxonomy/archive/system path — no content equivalent on new site
/wp-content/uploads/2024/07/photo_2024-07-29_12-16-45.jpg/,/wp-content/uploads/2024/07/photo_2024-07-29_12-16-45.jpg/,search-console,0,1,404,,404,https://dralirezasadighi.com/wp-content/uploads/2024/07/photo_2024-07-29_12-16-45.jpg,404,,intentional 404 (documented),WordPress taxonomy/archive/system path — no content equivalent on new site
/tag/فواید-جراحی-فک/,/tag/فواید-جراحی-فک/,search-console,0,1,404,,404,https://dralirezasadighi.com/tag/%D9%81%D9%88%D8%A7%DB%8C%D8%AF-%D8%AC%D8%B1%D8%A7%D8%AD%DB%8C-%D9%81%DA%A9,404,,intentional 404 (documented),WordPress taxonomy/archive/system path — no content equivalent on new site
/tag/متخصص-ایمپلنت-تبریز/,/tag/متخصص-ایمپلنت-تبریز/,search-console,0,1,404,,404,https://dralirezasadighi.com/tag/%D9%85%D8%AA%D8%AE%D8%B5%D8%B5-%D8%A7%DB%8C%D9%85%D9%BE%D9%84%D9%86%D8%AA-%D8%AA%D8%A8%D8%B1%DB%8C%D8%B2,404,,intentional 404 (documented),WordPress taxonomy/archive/system path — no content equivalent on new site
/en/untitled-3-2/,/en/untitled-3-2/,search-console,0,1,404,,404,https://dralirezasadighi.com/en/untitled-3-2,404,,NEEDS HUMAN DECISION,"No exact knowledge-article match and no confident semantic-keyword bucket — ambiguous topic, needs Hamid's call. See title/clicks for context."
/tag/دکتر-صدیقی،-جراح-پیشرو-در-جراحی-فک/,/tag/دکتر-صدیقی،-جراح-پیشرو-در-جراحی-فک/,search-console,0,1,404,,404,https://dralirezasadighi.com/tag/%D8%AF%DA%A9%D8%AA%D8%B1-%D8%B5%D8%AF%DB%8C%D9%82%DB%8C%D8%8C-%D8%AC%D8%B1%D8%A7%D8%AD-%D9%BE%DB%8C%D8%B4%D8%B1%D9%88-%D8%AF%D8%B1-%D8%AC%D8%B1%D8%A7%D8%AD%DB%8C-%D9%81%DA%A9,404,,intentional 404 (documented),WordPress taxonomy/archive/system path — no content equivalent on new site
/tabriz-dental-2/,/tabriz-dental-2/,search-console,0,1,404,,404,https://dralirezasadighi.com/tabriz-dental-2,404,,NEEDS HUMAN DECISION,"No exact knowledge-article match and no confident semantic-keyword bucket — ambiguous topic, needs Hamid's call. See title/clicks for context."
/tag/nutrition-after-chin-surgery/,/tag/nutrition-after-chin-surgery/,search-console,0,1,404,,404,https://dralirezasadighi.com/tag/nutrition-after-chin-surgery,404,,intentional 404 (documented),WordPress taxonomy/archive/system path — no content equivalent on new site
/tag/personalized-patient-care-2/,/tag/personalized-patient-care-2/,search-console,0,1,404,,404,https://dralirezasadighi.com/tag/personalized-patient-care-2,404,,intentional 404 (documented),WordPress taxonomy/archive/system path — no content equivalent on new site
/en/tag/jaw-misalignment-treatment/,/en/tag/jaw-misalignment-treatment/,search-console,0,1,404,,404,https://dralirezasadighi.com/en/tag/jaw-misalignment-treatment,404,,intentional 404 (documented),WordPress taxonomy/archive/system path — no content equivalent on new site
/tag/عمل-زیبایی/,/tag/عمل-زیبایی/,search-console,0,1,404,,404,https://dralirezasadighi.com/tag/%D8%B9%D9%85%D9%84-%D8%B2%DB%8C%D8%A8%D8%A7%DB%8C%DB%8C,404,,intentional 404 (documented),WordPress taxonomy/archive/system path — no content equivalent on new site
/tag/جراحی-بینی/,/tag/جراحی-بینی/,search-console,0,1,404,,404,https://dralirezasadighi.com/tag/%D8%AC%D8%B1%D8%A7%D8%AD%DB%8C-%D8%A8%DB%8C%D9%86%DB%8C,404,,intentional 404 (documented),WordPress taxonomy/archive/system path — no content equivalent on new site
/tag/بهبود-زیبایی-صورت/,/tag/بهبود-زیبایی-صورت/,search-console,0,1,404,,404,https://dralirezasadighi.com/tag/%D8%A8%D9%87%D8%A8%D9%88%D8%AF-%D8%B2%DB%8C%D8%A8%D8%A7%DB%8C%DB%8C-%D8%B5%D9%88%D8%B1%D8%AA,404,,intentional 404 (documented),WordPress taxonomy/archive/system path — no content equivalent on new site
/news/,/news/,rank-math,0,0,404,,404,https://dralirezasadighi.com/news,404,,NEEDS HUMAN DECISION,"No exact knowledge-article match and no confident semantic-keyword bucket — ambiguous topic, needs Hamid's call. See title/clicks for context."
/en/what-is-a-recessed-lower-jaw-causes-symptoms-and-the-importance-of-treatment/,/en/what-is-a-recessed-lower-jaw-causes-symptoms-and-the-importance-of-treatment/,rank-math,0,0,404,,404,https://dralirezasadighi.com/en/what-is-a-recessed-lower-jaw-causes-symptoms-and-the-importance-of-treatment,404,/en/services/orthognathic-surgery,"FIXED (pending deploy): added to legacy-redirects.ts, 2026-08-26 broad audit",keyword-bucket fallback (matched: jaw)
/ایمپلنت-فوری-در-تبریز-راهکاری-سریع-و-م/,/ایمپلنت-فوری-در-تبریز-راهکاری-سریع-و-م/,rank-math,0,0,301,https://dralirezasadighi.com/knowledge/%D8%A7%DB%8C%D9%85%D9%BE%D9%84%D9%86%D8%AA-%D9%81%D9%88%D8%B1%DB%8C-%D8%AF%D8%B1-%D8%AA%D8%A8%D8%B1%DB%8C%D8%B2,200,https://dralirezasadighi.com/knowledge/%D8%A7%DB%8C%D9%85%D9%BE%D9%84%D9%86%D8%AA-%D9%81%D9%88%D8%B1%DB%8C-%D8%AF%D8%B1-%D8%AA%D8%A8%D8%B1%DB%8C%D8%B2,redirects_ok,/knowledge/ایمپلنت-فوری-در-تبریز,"already redirects (pre-existing map entry, unrelated to this incident)",Not part of this incident — was already a valid legacy-redirects.ts entry before this audit.
/تفاوت-کشیدن-دندان-و-جراحی-دندان-عقل-هرآ/,/تفاوت-کشیدن-دندان-و-جراحی-دندان-عقل-هرآ/,rank-math,0,0,301,https://dralirezasadighi.com/knowledge/%D8%AA%D9%81%D8%A7%D9%88%D8%AA-%DA%A9%D8%B4%DB%8C%D8%AF%D9%86-%D8%AF%D9%86%D8%AF%D8%A7%D9%86-%D9%88-%D8%AC%D8%B1%D8%A7%D8%AD%DB%8C-%D8%AF%D9%86%D8%AF%D8%A7%D9%86-%D8%B9%D9%82%D9%84,200,https://dralirezasadighi.com/knowledge/%D8%AA%D9%81%D8%A7%D9%88%D8%AA-%DA%A9%D8%B4%DB%8C%D8%AF%D9%86-%D8%AF%D9%86%D8%AF%D8%A7%D9%86-%D9%88-%D8%AC%D8%B1%D8%A7%D8%AD%DB%8C-%D8%AF%D9%86%D8%AF%D8%A7%D9%86-%D8%B9%D9%82%D9%84,redirects_ok,/knowledge/تفاوت-کشیدن-دندان-و-جراحی-دندان-عقل,"already redirects (pre-existing map entry, unrelated to this incident)",Not part of this incident — was already a valid legacy-redirects.ts entry before this audit.
/ایمپلنت-سوئیسی-دیجیتالی؛-بهترین-راه/,/ایمپلنت-سوئیسی-دیجیتالی؛-بهترین-راه/,rank-math,0,0,404,,404,https://dralirezasadighi.com/%D8%A7%DB%8C%D9%85%D9%BE%D9%84%D9%86%D8%AA-%D8%B3%D9%88%D8%A6%DB%8C%D8%B3%DB%8C-%D8%AF%DB%8C%D8%AC%DB%8C%D8%AA%D8%A7%D9%84%DB%8C%D8%9B-%D8%A8%D9%87%D8%AA%D8%B1%DB%8C%D9%86-%D8%B1%D8%A7%D9%87,404,/services/advanced-dental-implant,"FIXED (pending deploy): added to legacy-redirects.ts, 2026-08-26 broad audit",keyword-bucket fallback (matched: ایمپلنت)
/جراحی-فک-کمتهاجمی-روشی-نوین-برای-درم/,/جراحی-فک-کمتهاجمی-روشی-نوین-برای-درم/,rank-math,0,0,404,,404,https://dralirezasadighi.com/%D8%AC%D8%B1%D8%A7%D8%AD%DB%8C-%D9%81%DA%A9-%DA%A9%D9%85%D8%AA%D9%87%D8%A7%D8%AC%D9%85%DB%8C-%D8%B1%D9%88%D8%B4%DB%8C-%D9%86%D9%88%DB%8C%D9%86-%D8%A8%D8%B1%D8%A7%DB%8C-%D8%AF%D8%B1%D9%85,404,/services/orthognathic-surgery,"FIXED (pending deploy): added to legacy-redirects.ts, 2026-08-26 broad audit",keyword-bucket fallback (matched: فک)
/فیلم-جراحی-فک-در-اتاق-عمل/,/فیلم-جراحی-فک-در-اتاق-عمل/,rank-math,0,0,301,https://dralirezasadighi.com/knowledge/%D9%81%DB%8C%D9%84%D9%85_%D8%AC%D8%B1%D8%A7%D8%AD%DB%8C_%D9%81%DA%A9_%D8%AF%D8%B1_%D8%A7%D8%AA%D8%A7%D9%82_%D8%B9%D9%85%D9%84,200,https://dralirezasadighi.com/knowledge/%D9%81%DB%8C%D9%84%D9%85_%D8%AC%D8%B1%D8%A7%D8%AD%DB%8C_%D9%81%DA%A9_%D8%AF%D8%B1_%D8%A7%D8%AA%D8%A7%D9%82_%D8%B9%D9%85%D9%84,redirects_ok,/knowledge/فیلم_جراحی_فک_در_اتاق_عمل,"already redirects (pre-existing map entry, unrelated to this incident)",Not part of this incident — was already a valid legacy-redirects.ts entry before this audit.
/ایمپلنت-دندان-اقساطی-کاشت-دندان-با-ش/,/ایمپلنت-دندان-اقساطی-کاشت-دندان-با-ش/,rank-math,0,0,404,,404,https://dralirezasadighi.com/%D8%A7%DB%8C%D9%85%D9%BE%D9%84%D9%86%D8%AA-%D8%AF%D9%86%D8%AF%D8%A7%D9%86-%D8%A7%D9%82%D8%B3%D8%A7%D8%B7%DB%8C-%DA%A9%D8%A7%D8%B4%D8%AA-%D8%AF%D9%86%D8%AF%D8%A7%D9%86-%D8%A8%D8%A7-%D8%B4,404,/services/advanced-dental-implant,"FIXED (pending deploy): added to legacy-redirects.ts, 2026-08-26 broad audit",keyword-bucket fallback (matched: ایمپلنت)
/فیزیوتراپی-بعد-از-جراحی-فک-چرا-ضروری-اس/,/فیزیوتراپی-بعد-از-جراحی-فک-چرا-ضروری-اس/,rank-math,0,0,301,https://dralirezasadighi.com/knowledge/%D9%81%DB%8C%D8%B2%DB%8C%D9%88%D8%AA%D8%B1%D8%A7%D9%BE%DB%8C-%D8%A8%D8%B9%D8%AF-%D8%A7%D8%B2-%D8%AC%D8%B1%D8%A7%D8%AD%DB%8C-%D9%81%DA%A9,200,https://dralirezasadighi.com/knowledge/%D9%81%DB%8C%D8%B2%DB%8C%D9%88%D8%AA%D8%B1%D8%A7%D9%BE%DB%8C-%D8%A8%D8%B9%D8%AF-%D8%A7%D8%B2-%D8%AC%D8%B1%D8%A7%D8%AD%DB%8C-%D9%81%DA%A9,redirects_ok,/knowledge/فیزیوتراپی-بعد-از-جراحی-فک,"already redirects (pre-existing map entry, unrelated to this incident)",Not part of this incident — was already a valid legacy-redirects.ts entry before this audit.
/ایمپلنت-دندان-چیست-و-چگونه-عمل-میکند/,/ایمپلنت-دندان-چیست-و-چگونه-عمل-میکند/,rank-math,0,0,404,,404,https://dralirezasadighi.com/%D8%A7%DB%8C%D9%85%D9%BE%D9%84%D9%86%D8%AA-%D8%AF%D9%86%D8%AF%D8%A7%D9%86-%DA%86%DB%8C%D8%B3%D8%AA-%D9%88-%DA%86%DA%AF%D9%88%D9%86%D9%87-%D8%B9%D9%85%D9%84-%D9%85%DB%8C%DA%A9%D9%86%D8%AF,404,/services/advanced-dental-implant,"FIXED (pending deploy): added to legacy-redirects.ts, 2026-08-26 broad audit",keyword-bucket fallback (matched: ایمپلنت)
/عوارض-ایمپلنت-دندان-واقعیت-یا-نگرانی-ب/,/عوارض-ایمپلنت-دندان-واقعیت-یا-نگرانی-ب/,rank-math,0,0,404,,404,https://dralirezasadighi.com/%D8%B9%D9%88%D8%A7%D8%B1%D8%B6-%D8%A7%DB%8C%D9%85%D9%BE%D9%84%D9%86%D8%AA-%D8%AF%D9%86%D8%AF%D8%A7%D9%86-%D9%88%D8%A7%D9%82%D8%B9%DB%8C%D8%AA-%DB%8C%D8%A7-%D9%86%DA%AF%D8%B1%D8%A7%D9%86%DB%8C-%D8%A8,404,/services/advanced-dental-implant,"FIXED (pending deploy): added to legacy-redirects.ts, 2026-08-26 broad audit",keyword-bucket fallback (matched: ایمپلنت)
/ایمپلنت-دندان-در-تبریز؛-پرسشهای-پرتک/,/ایمپلنت-دندان-در-تبریز؛-پرسشهای-پرتک/,rank-math,0,0,301,https://dralirezasadighi.com/knowledge/%D8%A7%DB%8C%D9%85%D9%BE%D9%84%D9%86%D8%AA-%D8%AF%D9%86%D8%AF%D8%A7%D9%86-%D8%AF%D8%B1-%D8%AA%D8%A8%D8%B1%DB%8C%D8%B2-%D9%BE%D8%B1%D8%B3%D8%B4-%D9%BE%D8%A7%D8%B3%D8%AE,200,https://dralirezasadighi.com/knowledge/%D8%A7%DB%8C%D9%85%D9%BE%D9%84%D9%86%D8%AA-%D8%AF%D9%86%D8%AF%D8%A7%D9%86-%D8%AF%D8%B1-%D8%AA%D8%A8%D8%B1%DB%8C%D8%B2-%D9%BE%D8%B1%D8%B3%D8%B4-%D9%BE%D8%A7%D8%B3%D8%AE,redirects_ok,/knowledge/ایمپلنت-دندان-در-تبریز-پرسش-پاسخ,"already redirects (pre-existing map entry, unrelated to this incident)",Not part of this incident — was already a valid legacy-redirects.ts entry before this audit.
/ایمپلنت-در-تهران-از-نگاه-بیماران؛-مقای/,/ایمپلنت-در-تهران-از-نگاه-بیماران؛-مقای/,rank-math,0,0,404,,404,https://dralirezasadighi.com/%D8%A7%DB%8C%D9%85%D9%BE%D9%84%D9%86%D8%AA-%D8%AF%D8%B1-%D8%AA%D9%87%D8%B1%D8%A7%D9%86-%D8%A7%D8%B2-%D9%86%DA%AF%D8%A7%D9%87-%D8%A8%DB%8C%D9%85%D8%A7%D8%B1%D8%A7%D9%86%D8%9B-%D9%85%D9%82%D8%A7%DB%8C,404,/services/advanced-dental-implant,"FIXED (pending deploy): added to legacy-redirects.ts, 2026-08-26 broad audit",keyword-bucket fallback (matched: ایمپلنت)
/ایمپلنت-اقساطی-در-تهران-برای-همه؛-از-دغ/,/ایمپلنت-اقساطی-در-تهران-برای-همه؛-از-دغ/,rank-math,0,0,404,,404,https://dralirezasadighi.com/%D8%A7%DB%8C%D9%85%D9%BE%D9%84%D9%86%D8%AA-%D8%A7%D9%82%D8%B3%D8%A7%D8%B7%DB%8C-%D8%AF%D8%B1-%D8%AA%D9%87%D8%B1%D8%A7%D9%86-%D8%A8%D8%B1%D8%A7%DB%8C-%D9%87%D9%85%D9%87%D8%9B-%D8%A7%D8%B2-%D8%AF%D8%BA,404,/services/advanced-dental-implant,"FIXED (pending deploy): added to legacy-redirects.ts, 2026-08-26 broad audit",keyword-bucket fallback (matched: ایمپلنت)
/طول-عمر-ایمپلنت-دندان-چقدر-است؟-بررسی-ج/,/طول-عمر-ایمپلنت-دندان-چقدر-است؟-بررسی-ج/,rank-math,0,0,404,,404,https://dralirezasadighi.com/%D8%B7%D9%88%D9%84-%D8%B9%D9%85%D8%B1-%D8%A7%DB%8C%D9%85%D9%BE%D9%84%D9%86%D8%AA-%D8%AF%D9%86%D8%AF%D8%A7%D9%86-%DA%86%D9%82%D8%AF%D8%B1-%D8%A7%D8%B3%D8%AA%D8%9F-%D8%A8%D8%B1%D8%B1%D8%B3%DB%8C-%D8%AC,404,/services/advanced-dental-implant,"FIXED (pending deploy): added to legacy-redirects.ts, 2026-08-26 broad audit",keyword-bucket fallback (matched: ایمپلنت)
/جراحی-زیبایی-بینی-راهنمای-کامل-عمل-بین/,/جراحی-زیبایی-بینی-راهنمای-کامل-عمل-بین/,rank-math,0,0,404,,404,https://dralirezasadighi.com/%D8%AC%D8%B1%D8%A7%D8%AD%DB%8C-%D8%B2%DB%8C%D8%A8%D8%A7%DB%8C%DB%8C-%D8%A8%DB%8C%D9%86%DB%8C-%D8%B1%D8%A7%D9%87%D9%86%D9%85%D8%A7%DB%8C-%DA%A9%D8%A7%D9%85%D9%84-%D8%B9%D9%85%D9%84-%D8%A8%DB%8C%D9%86,404,/services/rhinoplasty,"FIXED (pending deploy): added to legacy-redirects.ts, 2026-08-26 broad audit",keyword-bucket fallback (matched: بینی)
/جراحی-بازسازی-نواقص-صورت-بازگرداندن-ز/,/جراحی-بازسازی-نواقص-صورت-بازگرداندن-ز/,rank-math,0,0,404,,404,https://dralirezasadighi.com/%D8%AC%D8%B1%D8%A7%D8%AD%DB%8C-%D8%A8%D8%A7%D8%B2%D8%B3%D8%A7%D8%B2%DB%8C-%D9%86%D9%88%D8%A7%D9%82%D8%B5-%D8%B5%D9%88%D8%B1%D8%AA-%D8%A8%D8%A7%D8%B2%DA%AF%D8%B1%D8%AF%D8%A7%D9%86%D8%AF%D9%86-%D8%B2,404,,NEEDS HUMAN DECISION,"No exact knowledge-article match and no confident semantic-keyword bucket — ambiguous topic, needs Hamid's call. See title/clicks for context."
/عمل-بینی-اروپایی-چیست-و-برای-چه-چهرهه/,/عمل-بینی-اروپایی-چیست-و-برای-چه-چهرهه/,rank-math,0,0,301,https://dralirezasadighi.com/knowledge/european-nose-job,200,https://dralirezasadighi.com/knowledge/european-nose-job,redirects_ok,/knowledge/european-nose-job,"already redirects (pre-existing map entry, unrelated to this incident)",Not part of this incident — was already a valid legacy-redirects.ts entry before this audit.
/european-nose-job-what-is-it-and-who-is-it-for/,/european-nose-job-what-is-it-and-who-is-it-for/,rank-math,0,0,404,,404,https://dralirezasadighi.com/european-nose-job-what-is-it-and-who-is-it-for,404,/services/rhinoplasty,"FIXED (pending deploy): added to legacy-redirects.ts, 2026-08-26 broad audit",keyword-bucket fallback (matched: nose)
